﻿<?xml version="1.0" encoding="utf-8"?>
<ECSchema schemaName="ATCDI_BridgeBaseClass" nameSpacePrefix="ATCDIBRBC" version="1.0" displayLabel="ATCDI_桥梁工程属性库" xmlns:ec="http://www.bentley.com/schemas/Bentley.ECXML.2.0" xmlns="http://www.bentley.com/schemas/Bentley.ECXML.2.0">
    <ECSchemaReference name="Bentley_Standard_CustomAttributes" version="01.02" prefix="bsca" />
    <ECSchemaReference name="EditorCustomAttributes" version="01.03" prefix="beca" />
    <ECSchemaReference name="Unit_Attributes" version="01.00" prefix="units_attribs" />
    <ECCustomAttributes>
        <SchemaChangeTrackingState xmlns="Bentley_Standard_CustomAttributes.01.02">
            <FinalizationHistory />
            <TrackingEnabled>True</TrackingEnabled>
            <SchemaFullNameAtEditingStart>ATCDI_BridgeBaseClass.01.00</SchemaFullNameAtEditingStart>
        </SchemaChangeTrackingState>
    </ECCustomAttributes>
    <ECClass typeName="AnchoringSystem" description="含锚拉板" displayLabel="01_拉索系统_锚固系统" isDomainClass="True">
        <ECCustomAttributes>
            <PreviousNameArray xmlns="Bentley_Standard_CustomAttributes.01.02">
                <PreviousNames>
                    <PreviousName>
                        <OldName />
                        <SchemaFullNameKey>ATCDI_BridgeBaseClass.01.00</SchemaFullNameKey>
                        <IsNewInThisVersion>True</IsNewInThisVersion>
                    </PreviousName>
                </PreviousNames>
                <PreviousNameAlreadySaved>True</PreviousNameAlreadySaved>
            </PreviousNameArray>
        </ECCustomAttributes>
        <ECProperty propertyName="AnchoringType" typeName="string" displayLabel="锚具型号">
            <ECCustomAttributes>
                <PropertyPriority xmlns="EditorCustomAttributes.01.03">
                    <Priority>-100</Priority>
                </PropertyPriority>
                <CalculatedECPropertySpecification xmlns="Bentley_Standard_CustomAttributes.01.02">
                    <ECExpression>0</ECExpression>
                    <FailureValue>1</FailureValue>
                    <ParserRegularExpression xmlns:xsi="http://www.w3.org/2001/XMLSchema-instance" xsi:nil="true" />
                    <IsDefaultValueOnly>True</IsDefaultValueOnly>
                    <UseLastValidValueOnFailure xmlns:xsi="http://www.w3.org/2001/XMLSchema-instance" xsi:nil="true" />
                    <RequiredSymbolSets />
                </CalculatedECPropertySpecification>
                <PreviousNameArray xmlns="Bentley_Standard_CustomAttributes.01.02">
                    <PreviousNames>
                        <PreviousName>
                            <OldName />
                            <SchemaFullNameKey>ATCDI_BaseClass.01.00</SchemaFullNameKey>
                            <IsNewInThisVersion>True</IsNewInThisVersion>
                        </PreviousName>
                    </PreviousNames>
                    <PreviousNameAlreadySaved>True</PreviousNameAlreadySaved>
                </PreviousNameArray>
            </ECCustomAttributes>
        </ECProperty>
    </ECClass>
    <ECClass typeName="ATCDI_BaseProperty" displayLabel="00_基本属性_桥梁工程" isDomainClass="True">
        <ECCustomAttributes>
            <PreviousNameArray xmlns="Bentley_Standard_CustomAttributes.01.02">
                <PreviousNames>
                    <PreviousName>
                        <OldName />
                        <SchemaFullNameKey>ATCDI_BridgeBaseClass.01.00</SchemaFullNameKey>
                        <IsNewInThisVersion>True</IsNewInThisVersion>
                    </PreviousName>
                </PreviousNames>
                <PreviousNameAlreadySaved>True</PreviousNameAlreadySaved>
            </PreviousNameArray>
        </ECCustomAttributes>
        <ECProperty propertyName="description" typeName="string" displayLabel="描述（名称）">
            <ECCustomAttributes>
                <PropertyPriority xmlns="EditorCustomAttributes.01.03">
                    <Priority>-9999</Priority>
                </PropertyPriority>
                <CalculatedECPropertySpecification xmlns="Bentley_Standard_CustomAttributes.01.02">
                    <ECExpression />
                    <FailureValue />
                    <ParserRegularExpression xmlns:xsi="http://www.w3.org/2001/XMLSchema-instance" xsi:nil="true" />
                    <IsDefaultValueOnly>True</IsDefaultValueOnly>
                    <UseLastValidValueOnFailure xmlns:xsi="http://www.w3.org/2001/XMLSchema-instance" xsi:nil="true" />
                    <RequiredSymbolSets />
                </CalculatedECPropertySpecification>
                <PreviousNameArray xmlns="Bentley_Standard_CustomAttributes.01.02">
                    <PreviousNames>
                        <PreviousName>
                            <OldName />
                            <SchemaFullNameKey>ACTDI_Bridge.01.00</SchemaFullNameKey>
                            <IsNewInThisVersion>True</IsNewInThisVersion>
                        </PreviousName>
                    </PreviousNames>
                    <PreviousNameAlreadySaved>True</PreviousNameAlreadySaved>
                </PreviousNameArray>
            </ECCustomAttributes>
        </ECProperty>
        <ECProperty propertyName="ATCDI_guid" typeName="string" displayLabel="唯一识别码" readOnly="True">
            <ECCustomAttributes>
                <PropertyPriority xmlns="EditorCustomAttributes.01.03">
                    <Priority>100</Priority>
                </PropertyPriority>
                <CalculatedECPropertySpecification xmlns="Bentley_Standard_CustomAttributes.01.02">
                    <ECExpression>""</ECExpression>
                    <FailureValue>""</FailureValue>
                    <ParserRegularExpression xmlns:xsi="http://www.w3.org/2001/XMLSchema-instance" xsi:nil="true" />
                    <IsDefaultValueOnly>True</IsDefaultValueOnly>
                    <UseLastValidValueOnFailure xmlns:xsi="http://www.w3.org/2001/XMLSchema-instance" xsi:nil="true" />
                    <RequiredSymbolSets />
                </CalculatedECPropertySpecification>
                <PreviousNameArray xmlns="Bentley_Standard_CustomAttributes.01.02">
                    <PreviousNames>
                        <PreviousName>
                            <OldName />
                            <SchemaFullNameKey>ACTDI_Bridge.01.00</SchemaFullNameKey>
                            <IsNewInThisVersion>True</IsNewInThisVersion>
                        </PreviousName>
                    </PreviousNames>
                    <PreviousNameAlreadySaved>True</PreviousNameAlreadySaved>
                </PreviousNameArray>
            </ECCustomAttributes>
        </ECProperty>
        <ECProperty propertyName="Typecode" typeName="string" displayLabel="构件分类码" readOnly="True">
            <ECCustomAttributes>
                <PropertyPriority xmlns="EditorCustomAttributes.01.03">
                    <Priority>90</Priority>
                </PropertyPriority>
                <PreviousNameArray xmlns="Bentley_Standard_CustomAttributes.01.02">
                    <PreviousNames>
                        <PreviousName>
                            <OldName />
                            <SchemaFullNameKey>ACTDI_Bridge.01.00</SchemaFullNameKey>
                            <IsNewInThisVersion>True</IsNewInThisVersion>
                        </PreviousName>
                    </PreviousNames>
                    <PreviousNameAlreadySaved>True</PreviousNameAlreadySaved>
                </PreviousNameArray>
                <CalculatedECPropertySpecification xmlns="Bentley_Standard_CustomAttributes.01.02">
                    <ECExpression>0</ECExpression>
                    <FailureValue />
                    <ParserRegularExpression xmlns:xsi="http://www.w3.org/2001/XMLSchema-instance" xsi:nil="true" />
                    <IsDefaultValueOnly>True</IsDefaultValueOnly>
                    <UseLastValidValueOnFailure xmlns:xsi="http://www.w3.org/2001/XMLSchema-instance" xsi:nil="true" />
                    <RequiredSymbolSets />
                </CalculatedECPropertySpecification>
            </ECCustomAttributes>
        </ECProperty>
    </ECClass>
    <ECClass typeName="atcdi_materials" displayLabel="02_材料及零件属性" isDomainClass="True">
        <ECCustomAttributes>
            <PreviousNameArray xmlns="Bentley_Standard_CustomAttributes.01.02">
                <PreviousNames>
                    <PreviousName>
                        <OldName />
                        <SchemaFullNameKey>ATCDI_BridgeBaseClass.01.00</SchemaFullNameKey>
                        <IsNewInThisVersion>True</IsNewInThisVersion>
                    </PreviousName>
                </PreviousNames>
                <PreviousNameAlreadySaved>True</PreviousNameAlreadySaved>
            </PreviousNameArray>
        </ECCustomAttributes>
        <ECProperty propertyName="atcdi_materials" typeName="string" displayLabel="材料属性" readOnly="True">
            <ECCustomAttributes>
                <PreviousNameArray xmlns="Bentley_Standard_CustomAttributes.01.02">
                    <PreviousNames>
                        <PreviousName>
                            <OldName />
                            <SchemaFullNameKey>ATCDI_BridgeBaseClass.01.00</SchemaFullNameKey>
                            <IsNewInThisVersion>True</IsNewInThisVersion>
                        </PreviousName>
                    </PreviousNames>
                    <PreviousNameAlreadySaved>True</PreviousNameAlreadySaved>
                </PreviousNameArray>
                <CalculatedECPropertySpecification xmlns="Bentley_Standard_CustomAttributes.01.02">
                    <RequiredSymbolSets />
                    <IsDefaultValueOnly>True</IsDefaultValueOnly>
                    <ECExpression>""</ECExpression>
                    <FailureValue>""</FailureValue>
                </CalculatedECPropertySpecification>
            </ECCustomAttributes>
        </ECProperty>
    </ECClass>
    <ECClass typeName="Barrier" displayLabel="01_桥面系及附属_桥梁护栏" isDomainClass="True">
        <ECCustomAttributes>
            <PreviousNameArray xmlns="Bentley_Standard_CustomAttributes.01.02">
                <PreviousNames>
                    <PreviousName>
                        <OldName />
                        <SchemaFullNameKey>ATCDI_BridgeBaseClass.01.00</SchemaFullNameKey>
                        <IsNewInThisVersion>True</IsNewInThisVersion>
                    </PreviousName>
                </PreviousNames>
                <PreviousNameAlreadySaved>True</PreviousNameAlreadySaved>
            </PreviousNameArray>
        </ECCustomAttributes>
        <ECProperty propertyName="length" typeName="double" displayLabel="长度">
            <ECCustomAttributes>
                <PreviousNameArray xmlns="Bentley_Standard_CustomAttributes.01.02">
                    <PreviousNames>
                        <PreviousName>
                            <OldName />
                            <SchemaFullNameKey>ATCDI_BridgeBaseClass.01.00</SchemaFullNameKey>
                            <IsNewInThisVersion>True</IsNewInThisVersion>
                        </PreviousName>
                    </PreviousNames>
                    <PreviousNameAlreadySaved>True</PreviousNameAlreadySaved>
                </PreviousNameArray>
                <CalculatedECPropertySpecification xmlns="Bentley_Standard_CustomAttributes.01.02">
                    <RequiredSymbolSets />
                    <FailureValue>0</FailureValue>
                    <ECExpression>0</ECExpression>
                    <IsDefaultValueOnly>True</IsDefaultValueOnly>
                </CalculatedECPropertySpecification>
                <UnitSpecification xmlns="Unit_Attributes.01.00">
                    <DimensionName>L</DimensionName>
                    <KindOfQuantityName>LENGTH</KindOfQuantityName>
                    <UnitName>METRE</UnitName>
                    <AllowableUnits />
                </UnitSpecification>
                <PropertyPriority xmlns="EditorCustomAttributes.01.03">
                    <Priority>-10</Priority>
                </PropertyPriority>
            </ECCustomAttributes>
        </ECProperty>
    </ECClass>
    <ECClass typeName="Bearing" displayLabel="01_下部及基础_支座" isDomainClass="True">
        <ECCustomAttributes>
            <PreviousNameArray xmlns="Bentley_Standard_CustomAttributes.01.02">
                <PreviousNames>
                    <PreviousName>
                        <OldName />
                        <SchemaFullNameKey>ATCDI_BridgeBaseClass.01.00</SchemaFullNameKey>
                        <IsNewInThisVersion>True</IsNewInThisVersion>
                    </PreviousName>
                </PreviousNames>
                <PreviousNameAlreadySaved>True</PreviousNameAlreadySaved>
            </PreviousNameArray>
        </ECCustomAttributes>
        <ECProperty propertyName="type" typeName="string" displayLabel="支座型号">
            <ECCustomAttributes>
                <CalculatedECPropertySpecification xmlns="Bentley_Standard_CustomAttributes.01.02">
                    <ECExpression />
                    <FailureValue />
                    <ParserRegularExpression xmlns:xsi="http://www.w3.org/2001/XMLSchema-instance" xsi:nil="true" />
                    <IsDefaultValueOnly>True</IsDefaultValueOnly>
                    <UseLastValidValueOnFailure xmlns:xsi="http://www.w3.org/2001/XMLSchema-instance" xsi:nil="true" />
                    <RequiredSymbolSets />
                </CalculatedECPropertySpecification>
                <PropertyPriority xmlns="EditorCustomAttributes.01.03">
                    <Priority>-20</Priority>
                </PropertyPriority>
                <PreviousNameArray xmlns="Bentley_Standard_CustomAttributes.01.02">
                    <PreviousNames>
                        <PreviousName>
                            <OldName />
                            <SchemaFullNameKey>ATCDI_BaseClass.01.00</SchemaFullNameKey>
                            <IsNewInThisVersion>True</IsNewInThisVersion>
                        </PreviousName>
                    </PreviousNames>
                    <PreviousNameAlreadySaved>True</PreviousNameAlreadySaved>
                </PreviousNameArray>
            </ECCustomAttributes>
        </ECProperty>
        <ECProperty propertyName="count" typeName="int" displayLabel="数量">
            <ECCustomAttributes>
                <PreviousNameArray xmlns="Bentley_Standard_CustomAttributes.01.02">
                    <PreviousNames>
                        <PreviousName>
                            <OldName />
                            <SchemaFullNameKey>ATCDI_BridgeBaseClass.01.00</SchemaFullNameKey>
                            <IsNewInThisVersion>True</IsNewInThisVersion>
                        </PreviousName>
                    </PreviousNames>
                    <PreviousNameAlreadySaved>True</PreviousNameAlreadySaved>
                </PreviousNameArray>
                <PropertyPriority xmlns="EditorCustomAttributes.01.03">
                    <Priority>-21</Priority>
                </PropertyPriority>
                <CalculatedECPropertySpecification xmlns="Bentley_Standard_CustomAttributes.01.02">
                    <ECExpression>1</ECExpression>
                    <FailureValue />
                    <ParserRegularExpression xmlns:xsi="http://www.w3.org/2001/XMLSchema-instance" xsi:nil="true" />
                    <IsDefaultValueOnly>True</IsDefaultValueOnly>
                    <UseLastValidValueOnFailure xmlns:xsi="http://www.w3.org/2001/XMLSchema-instance" xsi:nil="true" />
                    <RequiredSymbolSets />
                </CalculatedECPropertySpecification>
            </ECCustomAttributes>
        </ECProperty>
        <ECProperty propertyName="style" typeName="int" displayLabel="支座类型">
            <ECCustomAttributes>
                <CalculatedECPropertySpecification xmlns="Bentley_Standard_CustomAttributes.01.02">
                    <ECExpression>1</ECExpression>
                    <FailureValue />
                    <ParserRegularExpression xmlns:xsi="http://www.w3.org/2001/XMLSchema-instance" xsi:nil="true" />
                    <IsDefaultValueOnly>True</IsDefaultValueOnly>
                    <UseLastValidValueOnFailure xmlns:xsi="http://www.w3.org/2001/XMLSchema-instance" xsi:nil="true" />
                    <RequiredSymbolSets />
                </CalculatedECPropertySpecification>
                <PropertyPriority xmlns="EditorCustomAttributes.01.03">
                    <Priority>-20</Priority>
                </PropertyPriority>
                <PreviousNameArray xmlns="Bentley_Standard_CustomAttributes.01.02">
                    <PreviousNames>
                        <PreviousName>
                            <OldName />
                            <SchemaFullNameKey>ATCDI_BaseClass.01.00</SchemaFullNameKey>
                            <IsNewInThisVersion>True</IsNewInThisVersion>
                        </PreviousName>
                    </PreviousNames>
                    <PreviousNameAlreadySaved>True</PreviousNameAlreadySaved>
                </PreviousNameArray>
                <StandardValues xmlns="EditorCustomAttributes.01.03">
                    <ValueMap>
                        <ValueMap>
                            <Value>0</Value>
                            <DisplayString>球形支座</DisplayString>
                        </ValueMap>
                        <ValueMap>
                            <DisplayString>盆式支座</DisplayString>
                            <Value>1</Value>
                        </ValueMap>
                        <ValueMap>
                            <DisplayString>板式支座</DisplayString>
                            <Value>2</Value>
                        </ValueMap>
                    </ValueMap>
                </StandardValues>
            </ECCustomAttributes>
        </ECProperty>
    </ECClass>
    <ECClass typeName="BridgeEndTransitionSlab" displayLabel="01_下部及基础_桥头搭板" isDomainClass="True">
        <ECCustomAttributes>
            <PreviousNameArray xmlns="Bentley_Standard_CustomAttributes.01.02">
                <PreviousNames>
                    <PreviousName>
                        <OldName />
                        <SchemaFullNameKey>ATCDI_BridgeBaseClass.01.00</SchemaFullNameKey>
                        <IsNewInThisVersion>True</IsNewInThisVersion>
                    </PreviousName>
                </PreviousNames>
                <PreviousNameAlreadySaved>True</PreviousNameAlreadySaved>
            </PreviousNameArray>
        </ECCustomAttributes>
        <ECProperty propertyName="Length" typeName="double" displayLabel="长度">
            <ECCustomAttributes>
                <CalculatedECPropertySpecification xmlns="Bentley_Standard_CustomAttributes.01.02">
                    <ECExpression>0</ECExpression>
                    <FailureValue />
                    <ParserRegularExpression xmlns:xsi="http://www.w3.org/2001/XMLSchema-instance" xsi:nil="true" />
                    <IsDefaultValueOnly>True</IsDefaultValueOnly>
                    <UseLastValidValueOnFailure xmlns:xsi="http://www.w3.org/2001/XMLSchema-instance" xsi:nil="true" />
                    <RequiredSymbolSets />
                </CalculatedECPropertySpecification>
                <PropertyPriority xmlns="EditorCustomAttributes.01.03">
                    <Priority>-1001</Priority>
                </PropertyPriority>
                <PreviousNameArray xmlns="Bentley_Standard_CustomAttributes.01.02">
                    <PreviousNames>
                        <PreviousName>
                            <OldName />
                            <SchemaFullNameKey>ATCDI_BaseClass.01.00</SchemaFullNameKey>
                            <IsNewInThisVersion>True</IsNewInThisVersion>
                        </PreviousName>
                    </PreviousNames>
                    <PreviousNameAlreadySaved>True</PreviousNameAlreadySaved>
                </PreviousNameArray>
                <UnitSpecification xmlns="Unit_Attributes.01.00">
                    <DimensionName>L</DimensionName>
                    <KindOfQuantityName>LENGTH</KindOfQuantityName>
                    <UnitName>METRE</UnitName>
                    <AllowableUnits />
                </UnitSpecification>
            </ECCustomAttributes>
        </ECProperty>
        <ECProperty propertyName="Height" typeName="double" displayLabel="厚度">
            <ECCustomAttributes>
                <CalculatedECPropertySpecification xmlns="Bentley_Standard_CustomAttributes.01.02">
                    <ECExpression>0</ECExpression>
                    <FailureValue />
                    <ParserRegularExpression xmlns:xsi="http://www.w3.org/2001/XMLSchema-instance" xsi:nil="true" />
                    <IsDefaultValueOnly>True</IsDefaultValueOnly>
                    <UseLastValidValueOnFailure xmlns:xsi="http://www.w3.org/2001/XMLSchema-instance" xsi:nil="true" />
                    <RequiredSymbolSets />
                </CalculatedECPropertySpecification>
                <PropertyPriority xmlns="EditorCustomAttributes.01.03">
                    <Priority>-1001</Priority>
                </PropertyPriority>
                <UnitSpecification xmlns="Unit_Attributes.01.00">
                    <DimensionName>L</DimensionName>
                    <KindOfQuantityName>LENGTH</KindOfQuantityName>
                    <UnitName>METRE</UnitName>
                    <AllowableUnits />
                </UnitSpecification>
                <PreviousNameArray xmlns="Bentley_Standard_CustomAttributes.01.02">
                    <PreviousNames>
                        <PreviousName>
                            <OldName />
                            <SchemaFullNameKey>ATCDI_BaseClass.01.00</SchemaFullNameKey>
                            <IsNewInThisVersion>True</IsNewInThisVersion>
                        </PreviousName>
                    </PreviousNames>
                    <PreviousNameAlreadySaved>True</PreviousNameAlreadySaved>
                </PreviousNameArray>
            </ECCustomAttributes>
        </ECProperty>
    </ECClass>
    <ECClass typeName="Cable" displayLabel="01_拉索系统_斜拉索" isDomainClass="True">
        <ECCustomAttributes>
            <PreviousNameArray xmlns="Bentley_Standard_CustomAttributes.01.02">
                <PreviousNames>
                    <PreviousName>
                        <OldName />
                        <SchemaFullNameKey>ATCDI_BridgeBaseClass.01.00</SchemaFullNameKey>
                        <IsNewInThisVersion>True</IsNewInThisVersion>
                    </PreviousName>
                </PreviousNames>
                <PreviousNameAlreadySaved>True</PreviousNameAlreadySaved>
            </PreviousNameArray>
        </ECCustomAttributes>
        <ECProperty propertyName="Cable_Num" typeName="string" displayLabel="拉索编号">
            <ECCustomAttributes>
                <CalculatedECPropertySpecification xmlns="Bentley_Standard_CustomAttributes.01.02">
                    <ECExpression />
                    <FailureValue>A1</FailureValue>
                    <ParserRegularExpression xmlns:xsi="http://www.w3.org/2001/XMLSchema-instance" xsi:nil="true" />
                    <IsDefaultValueOnly>True</IsDefaultValueOnly>
                    <UseLastValidValueOnFailure xmlns:xsi="http://www.w3.org/2001/XMLSchema-instance" xsi:nil="true" />
                    <RequiredSymbolSets />
                </CalculatedECPropertySpecification>
                <PropertyPriority xmlns="EditorCustomAttributes.01.03">
                    <Priority>-101</Priority>
                </PropertyPriority>
                <PreviousNameArray xmlns="Bentley_Standard_CustomAttributes.01.02">
                    <PreviousNames>
                        <PreviousName>
                            <OldName />
                            <SchemaFullNameKey>ATCDI_BridgeBaseClass.01.00</SchemaFullNameKey>
                            <IsNewInThisVersion>True</IsNewInThisVersion>
                        </PreviousName>
                    </PreviousNames>
                    <PreviousNameAlreadySaved>True</PreviousNameAlreadySaved>
                </PreviousNameArray>
            </ECCustomAttributes>
        </ECProperty>
        <ECProperty propertyName="Number" typeName="int" displayLabel="拉索根数">
            <ECCustomAttributes>
                <PropertyPriority xmlns="EditorCustomAttributes.01.03">
                    <Priority>-100</Priority>
                </PropertyPriority>
                <CalculatedECPropertySpecification xmlns="Bentley_Standard_CustomAttributes.01.02">
                    <ECExpression>0</ECExpression>
                    <FailureValue>1</FailureValue>
                    <ParserRegularExpression xmlns:xsi="http://www.w3.org/2001/XMLSchema-instance" xsi:nil="true" />
                    <IsDefaultValueOnly>True</IsDefaultValueOnly>
                    <UseLastValidValueOnFailure xmlns:xsi="http://www.w3.org/2001/XMLSchema-instance" xsi:nil="true" />
                    <RequiredSymbolSets />
                </CalculatedECPropertySpecification>
                <PreviousNameArray xmlns="Bentley_Standard_CustomAttributes.01.02">
                    <PreviousNames>
                        <PreviousName>
                            <OldName />
                            <SchemaFullNameKey>ATCDI_BaseClass.01.00</SchemaFullNameKey>
                            <IsNewInThisVersion>True</IsNewInThisVersion>
                        </PreviousName>
                    </PreviousNames>
                    <PreviousNameAlreadySaved>True</PreviousNameAlreadySaved>
                </PreviousNameArray>
            </ECCustomAttributes>
        </ECProperty>
        <ECProperty propertyName="length" typeName="double" displayLabel="拉索下料长度">
            <ECCustomAttributes>
                <PropertyPriority xmlns="EditorCustomAttributes.01.03">
                    <Priority>-102</Priority>
                </PropertyPriority>
                <CalculatedECPropertySpecification xmlns="Bentley_Standard_CustomAttributes.01.02">
                    <ECExpression>0</ECExpression>
                    <FailureValue>1</FailureValue>
                    <ParserRegularExpression xmlns:xsi="http://www.w3.org/2001/XMLSchema-instance" xsi:nil="true" />
                    <IsDefaultValueOnly>True</IsDefaultValueOnly>
                    <UseLastValidValueOnFailure xmlns:xsi="http://www.w3.org/2001/XMLSchema-instance" xsi:nil="true" />
                    <RequiredSymbolSets />
                </CalculatedECPropertySpecification>
                <PreviousNameArray xmlns="Bentley_Standard_CustomAttributes.01.02">
                    <PreviousNames>
                        <PreviousName>
                            <OldName />
                            <SchemaFullNameKey>ATCDI_BaseClass.01.00</SchemaFullNameKey>
                            <IsNewInThisVersion>True</IsNewInThisVersion>
                        </PreviousName>
                    </PreviousNames>
                    <PreviousNameAlreadySaved>True</PreviousNameAlreadySaved>
                </PreviousNameArray>
                <UnitSpecification xmlns="Unit_Attributes.01.00">
                    <KindOfQuantityName>LENGTH</KindOfQuantityName>
                    <DimensionName>L</DimensionName>
                    <UnitName>METRE</UnitName>
                    <AllowableUnits />
                </UnitSpecification>
            </ECCustomAttributes>
        </ECProperty>
    </ECClass>
    <ECClass typeName="DeckPavement" displayLabel="01_桥面系及附属_桥面铺装" isDomainClass="True">
        <ECCustomAttributes>
            <PreviousNameArray xmlns="Bentley_Standard_CustomAttributes.01.02">
                <PreviousNames>
                    <PreviousName>
                        <OldName />
                        <SchemaFullNameKey>ATCDI_BridgeBaseClass.01.00</SchemaFullNameKey>
                        <IsNewInThisVersion>True</IsNewInThisVersion>
                    </PreviousName>
                </PreviousNames>
                <PreviousNameAlreadySaved>True</PreviousNameAlreadySaved>
            </PreviousNameArray>
        </ECCustomAttributes>
        <ECProperty propertyName="Height" typeName="double" displayLabel="厚度">
            <ECCustomAttributes>
                <CalculatedECPropertySpecification xmlns="Bentley_Standard_CustomAttributes.01.02">
                    <ECExpression>0</ECExpression>
                    <FailureValue />
                    <ParserRegularExpression xmlns:xsi="http://www.w3.org/2001/XMLSchema-instance" xsi:nil="true" />
                    <IsDefaultValueOnly>True</IsDefaultValueOnly>
                    <UseLastValidValueOnFailure xmlns:xsi="http://www.w3.org/2001/XMLSchema-instance" xsi:nil="true" />
                    <RequiredSymbolSets />
                </CalculatedECPropertySpecification>
                <UnitSpecification xmlns="Unit_Attributes.01.00">
                    <DimensionName>L</DimensionName>
                    <KindOfQuantityName>LENGTH</KindOfQuantityName>
                    <UnitName>METRE</UnitName>
                    <AllowableUnits />
                </UnitSpecification>
                <PropertyPriority xmlns="EditorCustomAttributes.01.03">
                    <Priority>-11</Priority>
                </PropertyPriority>
                <PreviousNameArray xmlns="Bentley_Standard_CustomAttributes.01.02">
                    <PreviousNames>
                        <PreviousName>
                            <OldName />
                            <SchemaFullNameKey>ATCDI_BaseClass.01.00</SchemaFullNameKey>
                            <IsNewInThisVersion>True</IsNewInThisVersion>
                        </PreviousName>
                    </PreviousNames>
                    <PreviousNameAlreadySaved>True</PreviousNameAlreadySaved>
                </PreviousNameArray>
            </ECCustomAttributes>
        </ECProperty>
    </ECClass>
    <ECClass typeName="ExpansionJoint" displayLabel="01_下部及基础_伸缩装置" isDomainClass="True">
        <ECCustomAttributes>
            <PreviousNameArray xmlns="Bentley_Standard_CustomAttributes.01.02">
                <PreviousNames>
                    <PreviousName>
                        <OldName />
                        <SchemaFullNameKey>ATCDI_BridgeBaseClass.01.00</SchemaFullNameKey>
                        <IsNewInThisVersion>True</IsNewInThisVersion>
                    </PreviousName>
                </PreviousNames>
                <PreviousNameAlreadySaved>True</PreviousNameAlreadySaved>
            </PreviousNameArray>
        </ECCustomAttributes>
        <ECProperty propertyName="Length" typeName="double" displayLabel="长度">
            <ECCustomAttributes>
                <CalculatedECPropertySpecification xmlns="Bentley_Standard_CustomAttributes.01.02">
                    <ECExpression>0</ECExpression>
                    <FailureValue />
                    <ParserRegularExpression xmlns:xsi="http://www.w3.org/2001/XMLSchema-instance" xsi:nil="true" />
                    <IsDefaultValueOnly>True</IsDefaultValueOnly>
                    <UseLastValidValueOnFailure xmlns:xsi="http://www.w3.org/2001/XMLSchema-instance" xsi:nil="true" />
                    <RequiredSymbolSets />
                </CalculatedECPropertySpecification>
                <PropertyPriority xmlns="EditorCustomAttributes.01.03">
                    <Priority>-1001</Priority>
                </PropertyPriority>
                <PreviousNameArray xmlns="Bentley_Standard_CustomAttributes.01.02">
                    <PreviousNames>
                        <PreviousName>
                            <OldName />
                            <SchemaFullNameKey>ATCDI_BaseClass.01.00</SchemaFullNameKey>
                            <IsNewInThisVersion>True</IsNewInThisVersion>
                        </PreviousName>
                    </PreviousNames>
                    <PreviousNameAlreadySaved>True</PreviousNameAlreadySaved>
                </PreviousNameArray>
                <UnitSpecification xmlns="Unit_Attributes.01.00">
                    <KindOfQuantityName>LENGTH</KindOfQuantityName>
                    <DimensionName>L</DimensionName>
                    <UnitName>METRE</UnitName>
                    <AllowableUnits />
                </UnitSpecification>
            </ECCustomAttributes>
        </ECProperty>
        <ECProperty propertyName="Type" typeName="int" displayLabel="型号">
            <ECCustomAttributes>
                <PropertyPriority xmlns="EditorCustomAttributes.01.03">
                    <Priority>-100</Priority>
                </PropertyPriority>
                <CalculatedECPropertySpecification xmlns="Bentley_Standard_CustomAttributes.01.02">
                    <ECExpression>0</ECExpression>
                    <FailureValue>1</FailureValue>
                    <ParserRegularExpression xmlns:xsi="http://www.w3.org/2001/XMLSchema-instance" xsi:nil="true" />
                    <IsDefaultValueOnly>True</IsDefaultValueOnly>
                    <UseLastValidValueOnFailure xmlns:xsi="http://www.w3.org/2001/XMLSchema-instance" xsi:nil="true" />
                    <RequiredSymbolSets />
                </CalculatedECPropertySpecification>
                <StandardValues xmlns="EditorCustomAttributes.01.03">
                    <MustBeFromList xmlns:xsi="http://www.w3.org/2001/XMLSchema-instance" xsi:nil="true" />
                    <ValueMap>
                        <ValueMap>
                            <DisplayString>60型异型钢伸缩缝</DisplayString>
                            <Value>0</Value>
                        </ValueMap>
                        <ValueMap>
                            <DisplayString>80型单元式多向变位梳形板伸缩缝</DisplayString>
                            <Value>1</Value>
                        </ValueMap>
                        <ValueMap>
                            <DisplayString>160型单元式多向变位梳形板伸缩缝</DisplayString>
                            <Value>2</Value>
                        </ValueMap>
                        <ValueMap>
                            <DisplayString>80型异型钢伸缩缝</DisplayString>
                            <Value>3</Value>
                        </ValueMap>
                        <ValueMap>
                            <DisplayString>160型异型钢伸缩缝</DisplayString>
                            <Value>4</Value>
                        </ValueMap>
                    </ValueMap>
                </StandardValues>
                <PreviousNameArray xmlns="Bentley_Standard_CustomAttributes.01.02">
                    <PreviousNames>
                        <PreviousName>
                            <OldName />
                            <SchemaFullNameKey>ATCDI_BaseClass.01.00</SchemaFullNameKey>
                            <IsNewInThisVersion>True</IsNewInThisVersion>
                        </PreviousName>
                    </PreviousNames>
                    <PreviousNameAlreadySaved>True</PreviousNameAlreadySaved>
                </PreviousNameArray>
            </ECCustomAttributes>
        </ECProperty>
    </ECClass>
    <ECClass typeName="Girder" displayLabel="01_上部结构_主梁" isDomainClass="True">
        <ECCustomAttributes>
            <PreviousNameArray xmlns="Bentley_Standard_CustomAttributes.01.02">
                <PreviousNames>
                    <PreviousName>
                        <OldName />
                        <SchemaFullNameKey>ATCDI_BridgeBaseClass.01.00</SchemaFullNameKey>
                        <IsNewInThisVersion>True</IsNewInThisVersion>
                    </PreviousName>
                </PreviousNames>
                <PreviousNameAlreadySaved>True</PreviousNameAlreadySaved>
            </PreviousNameArray>
        </ECCustomAttributes>
        <ECProperty propertyName="super_method" typeName="int" displayLabel="施工工艺">
            <ECCustomAttributes>
                <CalculatedECPropertySpecification xmlns="Bentley_Standard_CustomAttributes.01.02">
                    <ECExpression />
                    <FailureValue>0</FailureValue>
                    <ParserRegularExpression xmlns:xsi="http://www.w3.org/2001/XMLSchema-instance" xsi:nil="true" />
                    <IsDefaultValueOnly>True</IsDefaultValueOnly>
                    <UseLastValidValueOnFailure xmlns:xsi="http://www.w3.org/2001/XMLSchema-instance" xsi:nil="true" />
                    <RequiredSymbolSets />
                </CalculatedECPropertySpecification>
                <PropertyPriority xmlns="EditorCustomAttributes.01.03">
                    <Priority>-31</Priority>
                </PropertyPriority>
                <StandardValues xmlns="EditorCustomAttributes.01.03">
                    <MustBeFromList xmlns:xsi="http://www.w3.org/2001/XMLSchema-instance" xsi:nil="true" />
                    <ValueMap>
                        <ValueMap>
                            <DisplayString>预制吊装</DisplayString>
                            <Value>0</Value>
                        </ValueMap>
                        <ValueMap>
                            <DisplayString>顶推工艺</DisplayString>
                            <Value>1</Value>
                        </ValueMap>
                        <ValueMap>
                            <DisplayString>满堂支架</DisplayString>
                            <Value>2</Value>
                        </ValueMap>
                        <ValueMap>
                            <DisplayString>移动模架</DisplayString>
                            <Value>3</Value>
                        </ValueMap>
                        <ValueMap>
                            <DisplayString>悬浇工艺</DisplayString>
                            <Value>4</Value>
                        </ValueMap>
                        <ValueMap>
                            <DisplayString>转体施工</DisplayString>
                            <Value>5</Value>
                        </ValueMap>
                        <ValueMap>
                            <DisplayString>悬拼施工</DisplayString>
                            <Value>6</Value>
                        </ValueMap>
                        <ValueMap>
                            <DisplayString>后浇带</DisplayString>
                            <Value>7</Value>
                        </ValueMap>
                    </ValueMap>
                </StandardValues>
                <PreviousNameArray xmlns="Bentley_Standard_CustomAttributes.01.02">
                    <PreviousNames>
                        <PreviousName>
                            <OldName />
                            <SchemaFullNameKey>ATCDI_BaseClass.01.00</SchemaFullNameKey>
                            <IsNewInThisVersion>True</IsNewInThisVersion>
                        </PreviousName>
                    </PreviousNames>
                    <PreviousNameAlreadySaved>True</PreviousNameAlreadySaved>
                </PreviousNameArray>
            </ECCustomAttributes>
        </ECProperty>
        <ECProperty propertyName="GirderStyle" typeName="int" displayLabel="主梁形式">
            <ECCustomAttributes>
                <CalculatedECPropertySpecification xmlns="Bentley_Standard_CustomAttributes.01.02">
                    <ECExpression />
                    <FailureValue>0</FailureValue>
                    <ParserRegularExpression xmlns:xsi="http://www.w3.org/2001/XMLSchema-instance" xsi:nil="true" />
                    <IsDefaultValueOnly>True</IsDefaultValueOnly>
                    <UseLastValidValueOnFailure xmlns:xsi="http://www.w3.org/2001/XMLSchema-instance" xsi:nil="true" />
                    <RequiredSymbolSets />
                </CalculatedECPropertySpecification>
                <PropertyPriority xmlns="EditorCustomAttributes.01.03">
                    <Priority>-30</Priority>
                </PropertyPriority>
                <PreviousNameArray xmlns="Bentley_Standard_CustomAttributes.01.02">
                    <PreviousNames>
                        <PreviousName>
                            <OldName />
                            <SchemaFullNameKey>ATCDI_BridgeBaseClass.01.00</SchemaFullNameKey>
                            <IsNewInThisVersion>True</IsNewInThisVersion>
                        </PreviousName>
                    </PreviousNames>
                    <PreviousNameAlreadySaved>True</PreviousNameAlreadySaved>
                </PreviousNameArray>
                <StandardValues xmlns="EditorCustomAttributes.01.03">
                    <ValueMap>
                        <ValueMap>
                            <DisplayString>预制装配式密肋T梁</DisplayString>
                            <Value>0</Value>
                        </ValueMap>
                        <ValueMap>
                            <DisplayString>预制装配式T梁</DisplayString>
                            <Value>1</Value>
                        </ValueMap>
                        <ValueMap>
                            <DisplayString>预制装配式箱梁</DisplayString>
                            <Value>2</Value>
                        </ValueMap>
                        <ValueMap>
                            <DisplayString>轻型T梁</DisplayString>
                            <Value>3</Value>
                        </ValueMap>
                        <ValueMap>
                            <DisplayString>钢板组合梁梁体</DisplayString>
                            <Value>4</Value>
                        </ValueMap>
                        <ValueMap>
                            <DisplayString>钢箱组合梁梁体</DisplayString>
                            <Value>5</Value>
                        </ValueMap>
                        <ValueMap>
                            <DisplayString>钢箱梁</DisplayString>
                            <Value>6</Value>
                        </ValueMap>
                        <ValueMap>
                            <DisplayString>混凝土箱梁</DisplayString>
                            <Value>7</Value>
                        </ValueMap>
                        <ValueMap>
                            <Value>8</Value>
                            <DisplayString>预制空心板梁</DisplayString>
                        </ValueMap>
                        <ValueMap>
                            <Value>9</Value>
                            <DisplayString>桁架梁</DisplayString>
                        </ValueMap>
                    </ValueMap>
                </StandardValues>
            </ECCustomAttributes>
        </ECProperty>
        <ECProperty propertyName="GirderLength" typeName="double" displayLabel="梁长">
            <ECCustomAttributes>
                <CalculatedECPropertySpecification xmlns="Bentley_Standard_CustomAttributes.01.02">
                    <ECExpression>0</ECExpression>
                    <FailureValue>0</FailureValue>
                    <ParserRegularExpression xmlns:xsi="http://www.w3.org/2001/XMLSchema-instance" xsi:nil="true" />
                    <IsDefaultValueOnly>True</IsDefaultValueOnly>
                    <UseLastValidValueOnFailure xmlns:xsi="http://www.w3.org/2001/XMLSchema-instance" xsi:nil="true" />
                    <RequiredSymbolSets />
                </CalculatedECPropertySpecification>
                <PropertyPriority xmlns="EditorCustomAttributes.01.03">
                    <Priority>-33</Priority>
                </PropertyPriority>
                <PreviousNameArray xmlns="Bentley_Standard_CustomAttributes.01.02">
                    <PreviousNames>
                        <PreviousName>
                            <OldName />
                            <SchemaFullNameKey>ATCDI_BridgeBaseClass.01.00</SchemaFullNameKey>
                            <IsNewInThisVersion>True</IsNewInThisVersion>
                        </PreviousName>
                    </PreviousNames>
                    <PreviousNameAlreadySaved>True</PreviousNameAlreadySaved>
                </PreviousNameArray>
                <UnitSpecification xmlns="Unit_Attributes.01.00">
                    <DimensionName>L</DimensionName>
                    <KindOfQuantityName>LENGTH</KindOfQuantityName>
                    <UnitName>METRE</UnitName>
                    <AllowableUnits />
                </UnitSpecification>
            </ECCustomAttributes>
        </ECProperty>
        <ECProperty propertyName="Girderheight" typeName="double" displayLabel="梁高">
            <ECCustomAttributes>
                <CalculatedECPropertySpecification xmlns="Bentley_Standard_CustomAttributes.01.02">
                    <ECExpression>0</ECExpression>
                    <FailureValue>0</FailureValue>
                    <ParserRegularExpression xmlns:xsi="http://www.w3.org/2001/XMLSchema-instance" xsi:nil="true" />
                    <IsDefaultValueOnly>True</IsDefaultValueOnly>
                    <UseLastValidValueOnFailure xmlns:xsi="http://www.w3.org/2001/XMLSchema-instance" xsi:nil="true" />
                    <RequiredSymbolSets />
                </CalculatedECPropertySpecification>
                <PropertyPriority xmlns="EditorCustomAttributes.01.03">
                    <Priority>-33</Priority>
                </PropertyPriority>
                <UnitSpecification xmlns="Unit_Attributes.01.00">
                    <DimensionName>L</DimensionName>
                    <KindOfQuantityName>LENGTH</KindOfQuantityName>
                    <UnitName>METRE</UnitName>
                    <AllowableUnits />
                </UnitSpecification>
                <PreviousNameArray xmlns="Bentley_Standard_CustomAttributes.01.02">
                    <PreviousNames>
                        <PreviousName>
                            <OldName />
                            <SchemaFullNameKey>ATCDI_BridgeBaseClass.01.00</SchemaFullNameKey>
                            <IsNewInThisVersion>True</IsNewInThisVersion>
                        </PreviousName>
                    </PreviousNames>
                    <PreviousNameAlreadySaved>True</PreviousNameAlreadySaved>
                </PreviousNameArray>
            </ECCustomAttributes>
        </ECProperty>
    </ECClass>
    <ECClass typeName="LightningRod" displayLabel="01_桥面系及附属_避雷针" isDomainClass="True">
        <ECCustomAttributes>
            <PreviousNameArray xmlns="Bentley_Standard_CustomAttributes.01.02">
                <PreviousNames>
                    <PreviousName>
                        <OldName />
                        <SchemaFullNameKey>ATCDI_BridgeBaseClass.01.00</SchemaFullNameKey>
                        <IsNewInThisVersion>True</IsNewInThisVersion>
                    </PreviousName>
                </PreviousNames>
                <PreviousNameAlreadySaved>True</PreviousNameAlreadySaved>
            </PreviousNameArray>
        </ECCustomAttributes>
        <ECProperty propertyName="Type" typeName="string" displayLabel="型号">
            <ECCustomAttributes>
                <PropertyPriority xmlns="EditorCustomAttributes.01.03">
                    <Priority>-100</Priority>
                </PropertyPriority>
                <CalculatedECPropertySpecification xmlns="Bentley_Standard_CustomAttributes.01.02">
                    <ECExpression />
                    <FailureValue>ESE-6000型</FailureValue>
                    <ParserRegularExpression xmlns:xsi="http://www.w3.org/2001/XMLSchema-instance" xsi:nil="true" />
                    <IsDefaultValueOnly>True</IsDefaultValueOnly>
                    <UseLastValidValueOnFailure xmlns:xsi="http://www.w3.org/2001/XMLSchema-instance" xsi:nil="true" />
                    <RequiredSymbolSets />
                </CalculatedECPropertySpecification>
                <PreviousNameArray xmlns="Bentley_Standard_CustomAttributes.01.02">
                    <PreviousNames>
                        <PreviousName>
                            <OldName />
                            <SchemaFullNameKey>ATCDI_BaseClass.01.00</SchemaFullNameKey>
                            <IsNewInThisVersion>True</IsNewInThisVersion>
                        </PreviousName>
                    </PreviousNames>
                    <PreviousNameAlreadySaved>True</PreviousNameAlreadySaved>
                </PreviousNameArray>
            </ECCustomAttributes>
        </ECProperty>
    </ECClass>
    <ECClass typeName="pier" displayLabel="01_下部及基础_墩身" isDomainClass="True">
        <ECCustomAttributes>
            <PreviousNameArray xmlns="Bentley_Standard_CustomAttributes.01.02">
                <PreviousNames>
                    <PreviousName>
                        <OldName />
                        <SchemaFullNameKey>ATCDI_BridgeBaseClass.01.00</SchemaFullNameKey>
                        <IsNewInThisVersion>True</IsNewInThisVersion>
                    </PreviousName>
                </PreviousNames>
                <PreviousNameAlreadySaved>True</PreviousNameAlreadySaved>
            </PreviousNameArray>
        </ECCustomAttributes>
        <ECProperty propertyName="style" typeName="int" displayLabel="桥墩形式">
            <ECCustomAttributes>
                <PreviousNameArray xmlns="Bentley_Standard_CustomAttributes.01.02">
                    <PreviousNames>
                        <PreviousName>
                            <OldName />
                            <SchemaFullNameKey>ATCDI_BaseClass.01.00</SchemaFullNameKey>
                            <IsNewInThisVersion>True</IsNewInThisVersion>
                        </PreviousName>
                    </PreviousNames>
                    <PreviousNameAlreadySaved>True</PreviousNameAlreadySaved>
                </PreviousNameArray>
                <CalculatedECPropertySpecification xmlns="Bentley_Standard_CustomAttributes.01.02">
                    <ECExpression>0</ECExpression>
                    <FailureValue>0</FailureValue>
                    <ParserRegularExpression xmlns:xsi="http://www.w3.org/2001/XMLSchema-instance" xsi:nil="true" />
                    <IsDefaultValueOnly>True</IsDefaultValueOnly>
                    <UseLastValidValueOnFailure xmlns:xsi="http://www.w3.org/2001/XMLSchema-instance" xsi:nil="true" />
                    <RequiredSymbolSets />
                </CalculatedECPropertySpecification>
                <StandardValues xmlns="EditorCustomAttributes.01.03">
                    <MustBeFromList xmlns:xsi="http://www.w3.org/2001/XMLSchema-instance" xsi:nil="true" />
                    <ValueMap>
                        <ValueMap>
                            <DisplayString>圆形墩</DisplayString>
                            <Value>0</Value>
                        </ValueMap>
                        <ValueMap>
                            <DisplayString>矩形墩</DisplayString>
                            <Value>1</Value>
                        </ValueMap>
                        <ValueMap>
                            <DisplayString>空心墩</DisplayString>
                            <Value>2</Value>
                        </ValueMap>
                        <ValueMap>
                            <DisplayString>Y型墩</DisplayString>
                            <Value>3</Value>
                        </ValueMap>
                        <ValueMap>
                            <DisplayString>花瓶墩</DisplayString>
                            <Value>4</Value>
                        </ValueMap>
                        <ValueMap>
                            <DisplayString>薄壁墩</DisplayString>
                            <Value>5</Value>
                        </ValueMap>
                    </ValueMap>
                </StandardValues>
                <PropertyPriority xmlns="EditorCustomAttributes.01.03">
                    <Priority>-10</Priority>
                </PropertyPriority>
            </ECCustomAttributes>
        </ECProperty>
        <ECProperty propertyName="PierHeight" typeName="double" displayLabel="墩身高度">
            <ECCustomAttributes>
                <CalculatedECPropertySpecification xmlns="Bentley_Standard_CustomAttributes.01.02">
                    <ECExpression>0</ECExpression>
                    <FailureValue />
                    <ParserRegularExpression xmlns:xsi="http://www.w3.org/2001/XMLSchema-instance" xsi:nil="true" />
                    <IsDefaultValueOnly>True</IsDefaultValueOnly>
                    <UseLastValidValueOnFailure xmlns:xsi="http://www.w3.org/2001/XMLSchema-instance" xsi:nil="true" />
                    <RequiredSymbolSets />
                </CalculatedECPropertySpecification>
                <UnitSpecification xmlns="Unit_Attributes.01.00">
                    <DimensionName>L</DimensionName>
                    <KindOfQuantityName>LENGTH</KindOfQuantityName>
                    <UnitName>METRE</UnitName>
                    <AllowableUnits />
                </UnitSpecification>
                <PropertyPriority xmlns="EditorCustomAttributes.01.03">
                    <Priority>-11</Priority>
                </PropertyPriority>
                <PreviousNameArray xmlns="Bentley_Standard_CustomAttributes.01.02">
                    <PreviousNames>
                        <PreviousName>
                            <OldName />
                            <SchemaFullNameKey>ATCDI_BaseClass.01.00</SchemaFullNameKey>
                            <IsNewInThisVersion>True</IsNewInThisVersion>
                        </PreviousName>
                    </PreviousNames>
                    <PreviousNameAlreadySaved>True</PreviousNameAlreadySaved>
                </PreviousNameArray>
            </ECCustomAttributes>
        </ECProperty>
        <ECProperty propertyName="PierStation" typeName="double" displayLabel="里程桩号">
            <ECCustomAttributes>
                <CalculatedECPropertySpecification xmlns="Bentley_Standard_CustomAttributes.01.02">
                    <ECExpression>0</ECExpression>
                    <FailureValue />
                    <ParserRegularExpression xmlns:xsi="http://www.w3.org/2001/XMLSchema-instance" xsi:nil="true" />
                    <IsDefaultValueOnly>True</IsDefaultValueOnly>
                    <UseLastValidValueOnFailure xmlns:xsi="http://www.w3.org/2001/XMLSchema-instance" xsi:nil="true" />
                    <RequiredSymbolSets />
                </CalculatedECPropertySpecification>
                <PropertyPriority xmlns="EditorCustomAttributes.01.03">
                    <Priority>-17</Priority>
                </PropertyPriority>
                <PreviousNameArray xmlns="Bentley_Standard_CustomAttributes.01.02">
                    <PreviousNames>
                        <PreviousName>
                            <OldName />
                            <SchemaFullNameKey>ATCDI_BaseClass.01.00</SchemaFullNameKey>
                            <IsNewInThisVersion>True</IsNewInThisVersion>
                        </PreviousName>
                    </PreviousNames>
                    <PreviousNameAlreadySaved>True</PreviousNameAlreadySaved>
                </PreviousNameArray>
                <UnitSpecification xmlns="Unit_Attributes.01.00">
                    <DimensionName>L</DimensionName>
                    <KindOfQuantityName>LENGTH</KindOfQuantityName>
                    <UnitName>METRE</UnitName>
                    <AllowableUnits />
                </UnitSpecification>
            </ECCustomAttributes>
        </ECProperty>
        <ECProperty propertyName="SubStructureTopElevation" typeName="double" displayLabel="顶高程">
            <ECCustomAttributes>
                <CalculatedECPropertySpecification xmlns="Bentley_Standard_CustomAttributes.01.02">
                    <ECExpression>0</ECExpression>
                    <FailureValue />
                    <ParserRegularExpression xmlns:xsi="http://www.w3.org/2001/XMLSchema-instance" xsi:nil="true" />
                    <IsDefaultValueOnly>True</IsDefaultValueOnly>
                    <UseLastValidValueOnFailure xmlns:xsi="http://www.w3.org/2001/XMLSchema-instance" xsi:nil="true" />
                    <RequiredSymbolSets />
                </CalculatedECPropertySpecification>
                <UnitSpecification xmlns="Unit_Attributes.01.00">
                    <DimensionName>L</DimensionName>
                    <KindOfQuantityName>LENGTH</KindOfQuantityName>
                    <UnitName>METRE</UnitName>
                    <AllowableUnits />
                </UnitSpecification>
            </ECCustomAttributes>
        </ECProperty>
    </ECClass>
    <ECClass typeName="PileFoundation" displayLabel="01_下部及基础_桩基础" isDomainClass="True">
        <ECCustomAttributes>
            <PreviousNameArray xmlns="Bentley_Standard_CustomAttributes.01.02">
                <PreviousNames>
                    <PreviousName>
                        <OldName />
                        <SchemaFullNameKey>ATCDI_BridgeBaseClass.01.00</SchemaFullNameKey>
                        <IsNewInThisVersion>True</IsNewInThisVersion>
                    </PreviousName>
                </PreviousNames>
                <PreviousNameAlreadySaved>True</PreviousNameAlreadySaved>
            </PreviousNameArray>
        </ECCustomAttributes>
        <ECProperty propertyName="Type" typeName="int" displayLabel="桩基类型">
            <ECCustomAttributes>
                <PropertyPriority xmlns="EditorCustomAttributes.01.03">
                    <Priority>-61</Priority>
                </PropertyPriority>
                <CalculatedECPropertySpecification xmlns="Bentley_Standard_CustomAttributes.01.02">
                    <ECExpression>0</ECExpression>
                    <FailureValue>0</FailureValue>
                    <ParserRegularExpression xmlns:xsi="http://www.w3.org/2001/XMLSchema-instance" xsi:nil="true" />
                    <IsDefaultValueOnly>True</IsDefaultValueOnly>
                    <UseLastValidValueOnFailure xmlns:xsi="http://www.w3.org/2001/XMLSchema-instance" xsi:nil="true" />
                    <RequiredSymbolSets />
                </CalculatedECPropertySpecification>
                <PreviousNameArray xmlns="Bentley_Standard_CustomAttributes.01.02">
                    <PreviousNames>
                        <PreviousName>
                            <OldName />
                            <SchemaFullNameKey>ATCDI_BaseClass.01.00</SchemaFullNameKey>
                            <IsNewInThisVersion>True</IsNewInThisVersion>
                        </PreviousName>
                    </PreviousNames>
                    <PreviousNameAlreadySaved>True</PreviousNameAlreadySaved>
                </PreviousNameArray>
                <StandardValues xmlns="EditorCustomAttributes.01.03">
                    <MustBeFromList xmlns:xsi="http://www.w3.org/2001/XMLSchema-instance" xsi:nil="true" />
                    <ValueMap>
                        <ValueMap>
                            <DisplayString>灌注桩</DisplayString>
                            <Value>0</Value>
                        </ValueMap>
                        <ValueMap>
                            <DisplayString>钢管桩</DisplayString>
                            <Value>1</Value>
                        </ValueMap>
                        <ValueMap>
                            <DisplayString>PRC-I 500AB 100管桩</DisplayString>
                            <Value>2</Value>
                        </ValueMap>
                        <ValueMap>
                            <DisplayString>PHC 500AB 100管桩</DisplayString>
                            <Value>3</Value>
                        </ValueMap>
                    </ValueMap>
                </StandardValues>
            </ECCustomAttributes>
        </ECProperty>
        <ECProperty propertyName="pile_method" typeName="int" displayLabel="施工工艺">
            <ECCustomAttributes>
                <CalculatedECPropertySpecification xmlns="Bentley_Standard_CustomAttributes.01.02">
                    <ECExpression>0</ECExpression>
                    <FailureValue>1</FailureValue>
                    <ParserRegularExpression xmlns:xsi="http://www.w3.org/2001/XMLSchema-instance" xsi:nil="true" />
                    <IsDefaultValueOnly>True</IsDefaultValueOnly>
                    <UseLastValidValueOnFailure xmlns:xsi="http://www.w3.org/2001/XMLSchema-instance" xsi:nil="true" />
                    <RequiredSymbolSets />
                </CalculatedECPropertySpecification>
                <PropertyPriority xmlns="EditorCustomAttributes.01.03">
                    <Priority>-62</Priority>
                </PropertyPriority>
                <StandardValues xmlns="EditorCustomAttributes.01.03">
                    <MustBeFromList xmlns:xsi="http://www.w3.org/2001/XMLSchema-instance" xsi:nil="true" />
                    <ValueMap>
                        <ValueMap>
                            <DisplayString>沉入桩</DisplayString>
                            <Value>0</Value>
                        </ValueMap>
                        <ValueMap>
                            <DisplayString>钻孔灌注</DisplayString>
                            <Value>1</Value>
                        </ValueMap>
                        <ValueMap>
                            <DisplayString>挖孔灌注</DisplayString>
                            <Value>2</Value>
                        </ValueMap>
                    </ValueMap>
                </StandardValues>
                <PreviousNameArray xmlns="Bentley_Standard_CustomAttributes.01.02">
                    <PreviousNames>
                        <PreviousName>
                            <OldName />
                            <SchemaFullNameKey>ATCDI_BaseClass.01.00</SchemaFullNameKey>
                            <IsNewInThisVersion>True</IsNewInThisVersion>
                        </PreviousName>
                    </PreviousNames>
                    <PreviousNameAlreadySaved>True</PreviousNameAlreadySaved>
                </PreviousNameArray>
            </ECCustomAttributes>
        </ECProperty>
        <ECProperty propertyName="PileLength" typeName="double" displayLabel="桩长">
            <ECCustomAttributes>
                <UnitSpecification xmlns="Unit_Attributes.01.00">
                    <DimensionName>L</DimensionName>
                    <KindOfQuantityName>LENGTH</KindOfQuantityName>
                    <UnitName>METRE</UnitName>
                    <AllowableUnits />
                </UnitSpecification>
                <CalculatedECPropertySpecification xmlns="Bentley_Standard_CustomAttributes.01.02">
                    <ECExpression>0</ECExpression>
                    <FailureValue />
                    <ParserRegularExpression xmlns:xsi="http://www.w3.org/2001/XMLSchema-instance" xsi:nil="true" />
                    <IsDefaultValueOnly>True</IsDefaultValueOnly>
                    <UseLastValidValueOnFailure xmlns:xsi="http://www.w3.org/2001/XMLSchema-instance" xsi:nil="true" />
                    <RequiredSymbolSets />
                </CalculatedECPropertySpecification>
                <PropertyPriority xmlns="EditorCustomAttributes.01.03">
                    <Priority>-11</Priority>
                </PropertyPriority>
                <PreviousNameArray xmlns="Bentley_Standard_CustomAttributes.01.02">
                    <PreviousNames>
                        <PreviousName>
                            <OldName />
                            <SchemaFullNameKey>ATCDI_BaseClass.01.00</SchemaFullNameKey>
                            <IsNewInThisVersion>True</IsNewInThisVersion>
                        </PreviousName>
                    </PreviousNames>
                    <PreviousNameAlreadySaved>True</PreviousNameAlreadySaved>
                </PreviousNameArray>
            </ECCustomAttributes>
        </ECProperty>
        <ECProperty propertyName="PileDiameter" typeName="double" displayLabel="直径">
            <ECCustomAttributes>
                <UnitSpecification xmlns="Unit_Attributes.01.00">
                    <DimensionName>L</DimensionName>
                    <KindOfQuantityName>LENGTH</KindOfQuantityName>
                    <UnitName>METRE</UnitName>
                    <AllowableUnits />
                </UnitSpecification>
                <CalculatedECPropertySpecification xmlns="Bentley_Standard_CustomAttributes.01.02">
                    <ECExpression>0</ECExpression>
                    <FailureValue />
                    <ParserRegularExpression xmlns:xsi="http://www.w3.org/2001/XMLSchema-instance" xsi:nil="true" />
                    <IsDefaultValueOnly>True</IsDefaultValueOnly>
                    <UseLastValidValueOnFailure xmlns:xsi="http://www.w3.org/2001/XMLSchema-instance" xsi:nil="true" />
                    <RequiredSymbolSets />
                </CalculatedECPropertySpecification>
                <PropertyPriority xmlns="EditorCustomAttributes.01.03">
                    <Priority>-12</Priority>
                </PropertyPriority>
                <PreviousNameArray xmlns="Bentley_Standard_CustomAttributes.01.02">
                    <PreviousNames>
                        <PreviousName>
                            <OldName />
                            <SchemaFullNameKey>ATCDI_BaseClass.01.00</SchemaFullNameKey>
                            <IsNewInThisVersion>True</IsNewInThisVersion>
                        </PreviousName>
                    </PreviousNames>
                    <PreviousNameAlreadySaved>True</PreviousNameAlreadySaved>
                </PreviousNameArray>
            </ECCustomAttributes>
        </ECProperty>
        <ECProperty propertyName="PileX" typeName="double" displayLabel="X坐标">
            <ECCustomAttributes>
                <UnitSpecification xmlns="Unit_Attributes.01.00">
                    <DimensionName>L</DimensionName>
                    <KindOfQuantityName>LENGTH</KindOfQuantityName>
                    <UnitName>METRE</UnitName>
                    <AllowableUnits />
                </UnitSpecification>
                <CalculatedECPropertySpecification xmlns="Bentley_Standard_CustomAttributes.01.02">
                    <ECExpression>0</ECExpression>
                    <FailureValue />
                    <ParserRegularExpression xmlns:xsi="http://www.w3.org/2001/XMLSchema-instance" xsi:nil="true" />
                    <IsDefaultValueOnly>True</IsDefaultValueOnly>
                    <UseLastValidValueOnFailure xmlns:xsi="http://www.w3.org/2001/XMLSchema-instance" xsi:nil="true" />
                    <RequiredSymbolSets />
                </CalculatedECPropertySpecification>
                <PropertyPriority xmlns="EditorCustomAttributes.01.03">
                    <Priority>-15</Priority>
                </PropertyPriority>
                <PreviousNameArray xmlns="Bentley_Standard_CustomAttributes.01.02">
                    <PreviousNames>
                        <PreviousName>
                            <OldName />
                            <SchemaFullNameKey>ATCDI_BaseClass.01.00</SchemaFullNameKey>
                            <IsNewInThisVersion>True</IsNewInThisVersion>
                        </PreviousName>
                    </PreviousNames>
                    <PreviousNameAlreadySaved>True</PreviousNameAlreadySaved>
                </PreviousNameArray>
            </ECCustomAttributes>
        </ECProperty>
        <ECProperty propertyName="PileY" typeName="double" displayLabel="Y坐标">
            <ECCustomAttributes>
                <UnitSpecification xmlns="Unit_Attributes.01.00">
                    <DimensionName>L</DimensionName>
                    <KindOfQuantityName>LENGTH</KindOfQuantityName>
                    <UnitName>METRE</UnitName>
                    <AllowableUnits />
                </UnitSpecification>
                <CalculatedECPropertySpecification xmlns="Bentley_Standard_CustomAttributes.01.02">
                    <ECExpression>0</ECExpression>
                    <FailureValue />
                    <ParserRegularExpression xmlns:xsi="http://www.w3.org/2001/XMLSchema-instance" xsi:nil="true" />
                    <IsDefaultValueOnly>True</IsDefaultValueOnly>
                    <UseLastValidValueOnFailure xmlns:xsi="http://www.w3.org/2001/XMLSchema-instance" xsi:nil="true" />
                    <RequiredSymbolSets />
                </CalculatedECPropertySpecification>
                <PropertyPriority xmlns="EditorCustomAttributes.01.03">
                    <Priority>-16</Priority>
                </PropertyPriority>
                <PreviousNameArray xmlns="Bentley_Standard_CustomAttributes.01.02">
                    <PreviousNames>
                        <PreviousName>
                            <OldName />
                            <SchemaFullNameKey>ATCDI_BaseClass.01.00</SchemaFullNameKey>
                            <IsNewInThisVersion>True</IsNewInThisVersion>
                        </PreviousName>
                    </PreviousNames>
                    <PreviousNameAlreadySaved>True</PreviousNameAlreadySaved>
                </PreviousNameArray>
            </ECCustomAttributes>
        </ECProperty>
        <ECProperty propertyName="PileBottomElevation" typeName="double" displayLabel="底高程">
            <ECCustomAttributes>
                <PropertyPriority xmlns="EditorCustomAttributes.01.03">
                    <Priority>-51</Priority>
                </PropertyPriority>
                <CalculatedECPropertySpecification xmlns="Bentley_Standard_CustomAttributes.01.02">
                    <ECExpression>0</ECExpression>
                    <FailureValue />
                    <ParserRegularExpression xmlns:xsi="http://www.w3.org/2001/XMLSchema-instance" xsi:nil="true" />
                    <IsDefaultValueOnly>True</IsDefaultValueOnly>
                    <UseLastValidValueOnFailure xmlns:xsi="http://www.w3.org/2001/XMLSchema-instance" xsi:nil="true" />
                    <RequiredSymbolSets />
                </CalculatedECPropertySpecification>
                <UnitSpecification xmlns="Unit_Attributes.01.00">
                    <DimensionName>L</DimensionName>
                    <KindOfQuantityName>LENGTH</KindOfQuantityName>
                    <UnitName>METRE</UnitName>
                    <AllowableUnits />
                </UnitSpecification>
                <PreviousNameArray xmlns="Bentley_Standard_CustomAttributes.01.02">
                    <PreviousNames>
                        <PreviousName>
                            <OldName>BottomElevation</OldName>
                            <SchemaFullNameKey>ATCDI_BridgeBaseClass.01.00</SchemaFullNameKey>
                            <IsNewInThisVersion>False</IsNewInThisVersion>
                        </PreviousName>
                    </PreviousNames>
                    <PreviousNameAlreadySaved>True</PreviousNameAlreadySaved>
                </PreviousNameArray>
            </ECCustomAttributes>
        </ECProperty>
        <ECProperty propertyName="SubStructureTopElevation" typeName="double" displayLabel="顶高程">
            <ECCustomAttributes>
                <PropertyPriority xmlns="EditorCustomAttributes.01.03">
                    <Priority>-50</Priority>
                </PropertyPriority>
                <CalculatedECPropertySpecification xmlns="Bentley_Standard_CustomAttributes.01.02">
                    <ECExpression>0</ECExpression>
                    <FailureValue />
                    <ParserRegularExpression xmlns:xsi="http://www.w3.org/2001/XMLSchema-instance" xsi:nil="true" />
                    <IsDefaultValueOnly>True</IsDefaultValueOnly>
                    <UseLastValidValueOnFailure xmlns:xsi="http://www.w3.org/2001/XMLSchema-instance" xsi:nil="true" />
                    <RequiredSymbolSets />
                </CalculatedECPropertySpecification>
                <UnitSpecification xmlns="Unit_Attributes.01.00">
                    <DimensionName>L</DimensionName>
                    <KindOfQuantityName>LENGTH</KindOfQuantityName>
                    <UnitName>METRE</UnitName>
                    <AllowableUnits />
                </UnitSpecification>
            </ECCustomAttributes>
        </ECProperty>
    </ECClass>
    <ECClass typeName="PilesCap" displayLabel="01_下部及基础_承台" isDomainClass="True">
        <ECCustomAttributes>
            <PreviousNameArray xmlns="Bentley_Standard_CustomAttributes.01.02">
                <PreviousNames>
                    <PreviousName>
                        <OldName />
                        <SchemaFullNameKey>ATCDI_BridgeBaseClass.01.00</SchemaFullNameKey>
                        <IsNewInThisVersion>True</IsNewInThisVersion>
                    </PreviousName>
                </PreviousNames>
                <PreviousNameAlreadySaved>True</PreviousNameAlreadySaved>
            </PreviousNameArray>
        </ECCustomAttributes>
        <ECProperty propertyName="PilesCapHeight" typeName="double" displayLabel="承台高度">
            <ECCustomAttributes>
                <CalculatedECPropertySpecification xmlns="Bentley_Standard_CustomAttributes.01.02">
                    <ECExpression>0</ECExpression>
                    <FailureValue />
                    <ParserRegularExpression xmlns:xsi="http://www.w3.org/2001/XMLSchema-instance" xsi:nil="true" />
                    <IsDefaultValueOnly>True</IsDefaultValueOnly>
                    <UseLastValidValueOnFailure xmlns:xsi="http://www.w3.org/2001/XMLSchema-instance" xsi:nil="true" />
                    <RequiredSymbolSets />
                </CalculatedECPropertySpecification>
                <UnitSpecification xmlns="Unit_Attributes.01.00">
                    <DimensionName>L</DimensionName>
                    <KindOfQuantityName>LENGTH</KindOfQuantityName>
                    <UnitName>METRE</UnitName>
                    <AllowableUnits />
                </UnitSpecification>
                <PropertyPriority xmlns="EditorCustomAttributes.01.03">
                    <Priority>-11</Priority>
                </PropertyPriority>
                <PreviousNameArray xmlns="Bentley_Standard_CustomAttributes.01.02">
                    <PreviousNames>
                        <PreviousName>
                            <OldName />
                            <SchemaFullNameKey>ATCDI_BaseClass.01.00</SchemaFullNameKey>
                            <IsNewInThisVersion>True</IsNewInThisVersion>
                        </PreviousName>
                    </PreviousNames>
                    <PreviousNameAlreadySaved>True</PreviousNameAlreadySaved>
                </PreviousNameArray>
            </ECCustomAttributes>
        </ECProperty>
        <ECProperty propertyName="SubStructureTopElevation" typeName="double" displayLabel="顶高程">
            <ECCustomAttributes>
                <CalculatedECPropertySpecification xmlns="Bentley_Standard_CustomAttributes.01.02">
                    <ECExpression>0</ECExpression>
                    <FailureValue />
                    <ParserRegularExpression xmlns:xsi="http://www.w3.org/2001/XMLSchema-instance" xsi:nil="true" />
                    <IsDefaultValueOnly>True</IsDefaultValueOnly>
                    <UseLastValidValueOnFailure xmlns:xsi="http://www.w3.org/2001/XMLSchema-instance" xsi:nil="true" />
                    <RequiredSymbolSets />
                </CalculatedECPropertySpecification>
                <UnitSpecification xmlns="Unit_Attributes.01.00">
                    <DimensionName>L</DimensionName>
                    <KindOfQuantityName>LENGTH</KindOfQuantityName>
                    <UnitName>METRE</UnitName>
                    <AllowableUnits />
                </UnitSpecification>
            </ECCustomAttributes>
        </ECProperty>
    </ECClass>
    <ECClass typeName="PrefabDeck" displayLabel="01_上部结构_桥面板" isDomainClass="True">
        <ECCustomAttributes>
            <PreviousNameArray xmlns="Bentley_Standard_CustomAttributes.01.02">
                <PreviousNames>
                    <PreviousName>
                        <OldName />
                        <SchemaFullNameKey>ATCDI_BridgeBaseClass.01.00</SchemaFullNameKey>
                        <IsNewInThisVersion>True</IsNewInThisVersion>
                    </PreviousName>
                </PreviousNames>
                <PreviousNameAlreadySaved>True</PreviousNameAlreadySaved>
            </PreviousNameArray>
        </ECCustomAttributes>
        <ECProperty propertyName="Num_Deck" typeName="string" displayLabel="桥面板类型">
            <ECCustomAttributes>
                <CalculatedECPropertySpecification xmlns="Bentley_Standard_CustomAttributes.01.02">
                    <ECExpression />
                    <FailureValue>A1</FailureValue>
                    <ParserRegularExpression xmlns:xsi="http://www.w3.org/2001/XMLSchema-instance" xsi:nil="true" />
                    <IsDefaultValueOnly>True</IsDefaultValueOnly>
                    <UseLastValidValueOnFailure xmlns:xsi="http://www.w3.org/2001/XMLSchema-instance" xsi:nil="true" />
                    <RequiredSymbolSets />
                </CalculatedECPropertySpecification>
                <PropertyPriority xmlns="EditorCustomAttributes.01.03">
                    <Priority>-32</Priority>
                </PropertyPriority>
                <PreviousNameArray xmlns="Bentley_Standard_CustomAttributes.01.02">
                    <PreviousNames>
                        <PreviousName>
                            <OldName />
                            <SchemaFullNameKey>ATCDI_BridgeBaseClass.01.00</SchemaFullNameKey>
                            <IsNewInThisVersion>True</IsNewInThisVersion>
                        </PreviousName>
                    </PreviousNames>
                    <PreviousNameAlreadySaved>True</PreviousNameAlreadySaved>
                </PreviousNameArray>
            </ECCustomAttributes>
        </ECProperty>
    </ECClass>
    <ECClass typeName="Saddle" displayLabel="01_拉索系统_索鞍" isDomainClass="True">
        <ECCustomAttributes>
            <PreviousNameArray xmlns="Bentley_Standard_CustomAttributes.01.02">
                <PreviousNames>
                    <PreviousName>
                        <OldName />
                        <SchemaFullNameKey>ATCDI_BridgeBaseClass.01.00</SchemaFullNameKey>
                        <IsNewInThisVersion>True</IsNewInThisVersion>
                    </PreviousName>
                </PreviousNames>
                <PreviousNameAlreadySaved>True</PreviousNameAlreadySaved>
            </PreviousNameArray>
        </ECCustomAttributes>
        <ECProperty propertyName="Type" typeName="string" displayLabel="型号">
            <ECCustomAttributes>
                <PropertyPriority xmlns="EditorCustomAttributes.01.03">
                    <Priority>-100</Priority>
                </PropertyPriority>
                <CalculatedECPropertySpecification xmlns="Bentley_Standard_CustomAttributes.01.02">
                    <ECExpression>0</ECExpression>
                    <FailureValue>1</FailureValue>
                    <ParserRegularExpression xmlns:xsi="http://www.w3.org/2001/XMLSchema-instance" xsi:nil="true" />
                    <IsDefaultValueOnly>True</IsDefaultValueOnly>
                    <UseLastValidValueOnFailure xmlns:xsi="http://www.w3.org/2001/XMLSchema-instance" xsi:nil="true" />
                    <RequiredSymbolSets />
                </CalculatedECPropertySpecification>
                <PreviousNameArray xmlns="Bentley_Standard_CustomAttributes.01.02">
                    <PreviousNames>
                        <PreviousName>
                            <OldName />
                            <SchemaFullNameKey>ATCDI_BaseClass.01.00</SchemaFullNameKey>
                            <IsNewInThisVersion>True</IsNewInThisVersion>
                        </PreviousName>
                    </PreviousNames>
                    <PreviousNameAlreadySaved>True</PreviousNameAlreadySaved>
                </PreviousNameArray>
            </ECCustomAttributes>
        </ECProperty>
    </ECClass>
    <ECClass typeName="ShallowFoundation" displayLabel="01_下部及基础_扩大基础" isDomainClass="True">
        <ECCustomAttributes>
            <PreviousNameArray xmlns="Bentley_Standard_CustomAttributes.01.02">
                <PreviousNames>
                    <PreviousName>
                        <OldName />
                        <SchemaFullNameKey>ATCDI_BridgeBaseClass.01.00</SchemaFullNameKey>
                        <IsNewInThisVersion>True</IsNewInThisVersion>
                    </PreviousName>
                </PreviousNames>
                <PreviousNameAlreadySaved>True</PreviousNameAlreadySaved>
            </PreviousNameArray>
        </ECCustomAttributes>
        <ECProperty propertyName="SubStructureTopElevation" typeName="double" displayLabel="顶高程">
            <ECCustomAttributes>
                <PropertyPriority xmlns="EditorCustomAttributes.01.03">
                    <Priority>-50</Priority>
                </PropertyPriority>
                <CalculatedECPropertySpecification xmlns="Bentley_Standard_CustomAttributes.01.02">
                    <ECExpression>0</ECExpression>
                    <FailureValue />
                    <ParserRegularExpression xmlns:xsi="http://www.w3.org/2001/XMLSchema-instance" xsi:nil="true" />
                    <IsDefaultValueOnly>True</IsDefaultValueOnly>
                    <UseLastValidValueOnFailure xmlns:xsi="http://www.w3.org/2001/XMLSchema-instance" xsi:nil="true" />
                    <RequiredSymbolSets />
                </CalculatedECPropertySpecification>
                <UnitSpecification xmlns="Unit_Attributes.01.00">
                    <DimensionName>L</DimensionName>
                    <KindOfQuantityName>LENGTH</KindOfQuantityName>
                    <UnitName>METRE</UnitName>
                    <AllowableUnits />
                </UnitSpecification>
            </ECCustomAttributes>
        </ECProperty>
        <ECProperty propertyName="BottomArea" typeName="double" displayLabel="底面积">
            <ECCustomAttributes>
                <UnitSpecification xmlns="Unit_Attributes.01.00">
                    <DimensionName>L2</DimensionName>
                    <KindOfQuantityName>AREA</KindOfQuantityName>
                    <UnitName>METRE_METRE</UnitName>
                    <AllowableUnits />
                </UnitSpecification>
                <CalculatedECPropertySpecification xmlns="Bentley_Standard_CustomAttributes.01.02">
                    <ECExpression>0</ECExpression>
                    <FailureValue />
                    <ParserRegularExpression xmlns:xsi="http://www.w3.org/2001/XMLSchema-instance" xsi:nil="true" />
                    <IsDefaultValueOnly>True</IsDefaultValueOnly>
                    <UseLastValidValueOnFailure xmlns:xsi="http://www.w3.org/2001/XMLSchema-instance" xsi:nil="true" />
                    <RequiredSymbolSets />
                </CalculatedECPropertySpecification>
                <PropertyPriority xmlns="EditorCustomAttributes.01.03">
                    <Priority>-11</Priority>
                </PropertyPriority>
                <PreviousNameArray xmlns="Bentley_Standard_CustomAttributes.01.02">
                    <PreviousNames>
                        <PreviousName>
                            <OldName />
                            <SchemaFullNameKey>ATCDI_BaseClass.01.00</SchemaFullNameKey>
                            <IsNewInThisVersion>True</IsNewInThisVersion>
                        </PreviousName>
                    </PreviousNames>
                    <PreviousNameAlreadySaved>True</PreviousNameAlreadySaved>
                </PreviousNameArray>
            </ECCustomAttributes>
        </ECProperty>
        <ECProperty propertyName="BottomElevation" typeName="double" displayLabel="底高程">
            <ECCustomAttributes>
                <PropertyPriority xmlns="EditorCustomAttributes.01.03">
                    <Priority>-51</Priority>
                </PropertyPriority>
                <CalculatedECPropertySpecification xmlns="Bentley_Standard_CustomAttributes.01.02">
                    <ECExpression>0</ECExpression>
                    <FailureValue />
                    <ParserRegularExpression xmlns:xsi="http://www.w3.org/2001/XMLSchema-instance" xsi:nil="true" />
                    <IsDefaultValueOnly>True</IsDefaultValueOnly>
                    <UseLastValidValueOnFailure xmlns:xsi="http://www.w3.org/2001/XMLSchema-instance" xsi:nil="true" />
                    <RequiredSymbolSets />
                </CalculatedECPropertySpecification>
                <UnitSpecification xmlns="Unit_Attributes.01.00">
                    <DimensionName>L</DimensionName>
                    <KindOfQuantityName>LENGTH</KindOfQuantityName>
                    <UnitName>METRE</UnitName>
                    <AllowableUnits />
                </UnitSpecification>
                <PreviousNameArray xmlns="Bentley_Standard_CustomAttributes.01.02">
                    <PreviousNames>
                        <PreviousName>
                            <OldName>BottomElevation</OldName>
                            <SchemaFullNameKey>ATCDI_BridgeBaseClass.01.00</SchemaFullNameKey>
                            <IsNewInThisVersion>False</IsNewInThisVersion>
                        </PreviousName>
                    </PreviousNames>
                    <PreviousNameAlreadySaved>True</PreviousNameAlreadySaved>
                </PreviousNameArray>
            </ECCustomAttributes>
        </ECProperty>
        <ECProperty propertyName="Height" typeName="double" displayLabel="总高度">
            <ECCustomAttributes>
                <UnitSpecification xmlns="Unit_Attributes.01.00">
                    <DimensionName>L</DimensionName>
                    <KindOfQuantityName>LENGTH</KindOfQuantityName>
                    <UnitName>METRE</UnitName>
                    <AllowableUnits />
                </UnitSpecification>
                <CalculatedECPropertySpecification xmlns="Bentley_Standard_CustomAttributes.01.02">
                    <ECExpression>0</ECExpression>
                    <FailureValue />
                    <ParserRegularExpression xmlns:xsi="http://www.w3.org/2001/XMLSchema-instance" xsi:nil="true" />
                    <IsDefaultValueOnly>True</IsDefaultValueOnly>
                    <UseLastValidValueOnFailure xmlns:xsi="http://www.w3.org/2001/XMLSchema-instance" xsi:nil="true" />
                    <RequiredSymbolSets />
                </CalculatedECPropertySpecification>
                <PropertyPriority xmlns="EditorCustomAttributes.01.03">
                    <Priority>-10</Priority>
                </PropertyPriority>
                <PreviousNameArray xmlns="Bentley_Standard_CustomAttributes.01.02">
                    <PreviousNames>
                        <PreviousName>
                            <OldName />
                            <SchemaFullNameKey>ATCDI_BaseClass.01.00</SchemaFullNameKey>
                            <IsNewInThisVersion>True</IsNewInThisVersion>
                        </PreviousName>
                    </PreviousNames>
                    <PreviousNameAlreadySaved>True</PreviousNameAlreadySaved>
                </PreviousNameArray>
            </ECCustomAttributes>
        </ECProperty>
    </ECClass>
    <ECClass typeName="TieBeam" displayLabel="01_下部及基础_盖梁/系梁" isDomainClass="True">
        <ECCustomAttributes>
            <PreviousNameArray xmlns="Bentley_Standard_CustomAttributes.01.02">
                <PreviousNames>
                    <PreviousName>
                        <OldName />
                        <SchemaFullNameKey>ATCDI_BridgeBaseClass.01.00</SchemaFullNameKey>
                        <IsNewInThisVersion>True</IsNewInThisVersion>
                    </PreviousName>
                </PreviousNames>
                <PreviousNameAlreadySaved>True</PreviousNameAlreadySaved>
            </PreviousNameArray>
        </ECCustomAttributes>
        <ECProperty propertyName="Height" typeName="double" displayLabel="高度">
            <ECCustomAttributes>
                <CalculatedECPropertySpecification xmlns="Bentley_Standard_CustomAttributes.01.02">
                    <ECExpression>0</ECExpression>
                    <FailureValue />
                    <ParserRegularExpression xmlns:xsi="http://www.w3.org/2001/XMLSchema-instance" xsi:nil="true" />
                    <IsDefaultValueOnly>True</IsDefaultValueOnly>
                    <UseLastValidValueOnFailure xmlns:xsi="http://www.w3.org/2001/XMLSchema-instance" xsi:nil="true" />
                    <RequiredSymbolSets />
                </CalculatedECPropertySpecification>
                <UnitSpecification xmlns="Unit_Attributes.01.00">
                    <DimensionName>L</DimensionName>
                    <KindOfQuantityName>LENGTH</KindOfQuantityName>
                    <UnitName>METRE</UnitName>
                    <AllowableUnits />
                </UnitSpecification>
                <PropertyPriority xmlns="EditorCustomAttributes.01.03">
                    <Priority>-11</Priority>
                </PropertyPriority>
                <PreviousNameArray xmlns="Bentley_Standard_CustomAttributes.01.02">
                    <PreviousNames>
                        <PreviousName>
                            <OldName />
                            <SchemaFullNameKey>ATCDI_BaseClass.01.00</SchemaFullNameKey>
                            <IsNewInThisVersion>True</IsNewInThisVersion>
                        </PreviousName>
                    </PreviousNames>
                    <PreviousNameAlreadySaved>True</PreviousNameAlreadySaved>
                </PreviousNameArray>
            </ECCustomAttributes>
        </ECProperty>
        <ECProperty propertyName="width" typeName="double" displayLabel="宽度">
            <ECCustomAttributes>
                <CalculatedECPropertySpecification xmlns="Bentley_Standard_CustomAttributes.01.02">
                    <ECExpression>0</ECExpression>
                    <FailureValue />
                    <ParserRegularExpression xmlns:xsi="http://www.w3.org/2001/XMLSchema-instance" xsi:nil="true" />
                    <IsDefaultValueOnly>True</IsDefaultValueOnly>
                    <UseLastValidValueOnFailure xmlns:xsi="http://www.w3.org/2001/XMLSchema-instance" xsi:nil="true" />
                    <RequiredSymbolSets />
                </CalculatedECPropertySpecification>
                <UnitSpecification xmlns="Unit_Attributes.01.00">
                    <DimensionName>L</DimensionName>
                    <KindOfQuantityName>LENGTH</KindOfQuantityName>
                    <UnitName>METRE</UnitName>
                    <AllowableUnits />
                </UnitSpecification>
                <PropertyPriority xmlns="EditorCustomAttributes.01.03">
                    <Priority>-12</Priority>
                </PropertyPriority>
                <PreviousNameArray xmlns="Bentley_Standard_CustomAttributes.01.02">
                    <PreviousNames>
                        <PreviousName>
                            <OldName />
                            <SchemaFullNameKey>ATCDI_BaseClass.01.00</SchemaFullNameKey>
                            <IsNewInThisVersion>True</IsNewInThisVersion>
                        </PreviousName>
                    </PreviousNames>
                    <PreviousNameAlreadySaved>True</PreviousNameAlreadySaved>
                </PreviousNameArray>
            </ECCustomAttributes>
        </ECProperty>
    </ECClass>
    <ECClass typeName="tower" displayLabel="01_下部及基础_塔柱" isDomainClass="True">
        <ECCustomAttributes>
            <PreviousNameArray xmlns="Bentley_Standard_CustomAttributes.01.02">
                <PreviousNames>
                    <PreviousName>
                        <OldName />
                        <SchemaFullNameKey>ATCDI_BridgeBaseClass.01.00</SchemaFullNameKey>
                        <IsNewInThisVersion>True</IsNewInThisVersion>
                    </PreviousName>
                </PreviousNames>
                <PreviousNameAlreadySaved>True</PreviousNameAlreadySaved>
            </PreviousNameArray>
        </ECCustomAttributes>
        <ECProperty propertyName="Height" typeName="double" displayLabel="节段高度">
            <ECCustomAttributes>
                <CalculatedECPropertySpecification xmlns="Bentley_Standard_CustomAttributes.01.02">
                    <ECExpression>0</ECExpression>
                    <FailureValue>0</FailureValue>
                    <ParserRegularExpression xmlns:xsi="http://www.w3.org/2001/XMLSchema-instance" xsi:nil="true" />
                    <IsDefaultValueOnly>True</IsDefaultValueOnly>
                    <UseLastValidValueOnFailure xmlns:xsi="http://www.w3.org/2001/XMLSchema-instance" xsi:nil="true" />
                    <RequiredSymbolSets />
                </CalculatedECPropertySpecification>
                <PropertyPriority xmlns="EditorCustomAttributes.01.03">
                    <Priority>-33</Priority>
                </PropertyPriority>
                <UnitSpecification xmlns="Unit_Attributes.01.00">
                    <DimensionName>L</DimensionName>
                    <KindOfQuantityName>LENGTH</KindOfQuantityName>
                    <UnitName>METRE</UnitName>
                    <AllowableUnits />
                </UnitSpecification>
                <PreviousNameArray xmlns="Bentley_Standard_CustomAttributes.01.02">
                    <PreviousNames>
                        <PreviousName>
                            <OldName />
                            <SchemaFullNameKey>ATCDI_BridgeBaseClass.01.00</SchemaFullNameKey>
                            <IsNewInThisVersion>True</IsNewInThisVersion>
                        </PreviousName>
                    </PreviousNames>
                    <PreviousNameAlreadySaved>True</PreviousNameAlreadySaved>
                </PreviousNameArray>
            </ECCustomAttributes>
        </ECProperty>
    </ECClass>
</ECSchema>