﻿<?xml version="1.0" encoding="utf-8"?>
<ECSchema schemaName="ATCDI_TrafficSafetyElectromechanical" nameSpacePrefix="ATCDIBRBC" version="1.0" displayLabel="ATCDI_交安机电工程属性库" xmlns:ec="http://www.bentley.com/schemas/Bentley.ECXML.2.0" xmlns="http://www.bentley.com/schemas/Bentley.ECXML.2.0">
    <ECSchemaReference name="Bentley_Standard_CustomAttributes" version="01.02" prefix="bsca" />
    <ECSchemaReference name="EditorCustomAttributes" version="01.03" prefix="beca" />
    <ECSchemaReference name="Unit_Attributes" version="01.00" prefix="units_attribs" />
    <ECCustomAttributes>
        <SchemaChangeTrackingState xmlns="Bentley_Standard_CustomAttributes.01.02">
            <FinalizationHistory />
            <TrackingEnabled>True</TrackingEnabled>
            <SchemaFullNameAtEditingStart>ATCDI_TrafficSafetyElectromechanical.01.00</SchemaFullNameAtEditingStart>
        </SchemaChangeTrackingState>
    </ECCustomAttributes>
    <ECClass typeName="ATCDI_BaseProperty" displayLabel="00_基本属性_交安机电" isDomainClass="True">
        <ECCustomAttributes>
            <PreviousNameArray xmlns="Bentley_Standard_CustomAttributes.01.02">
                <PreviousNames>
                    <PreviousName>
                        <OldName />
                        <SchemaFullNameKey>ATCDI_TrafficSafetyElectromechanical.01.00</SchemaFullNameKey>
                        <IsNewInThisVersion>True</IsNewInThisVersion>
                    </PreviousName>
                </PreviousNames>
                <PreviousNameAlreadySaved>True</PreviousNameAlreadySaved>
            </PreviousNameArray>
        </ECCustomAttributes>
        <ECProperty propertyName="description" typeName="string" displayLabel="描述">
            <ECCustomAttributes>
                <PropertyPriority xmlns="EditorCustomAttributes.01.03">
                    <Priority>-9999</Priority>
                </PropertyPriority>
                <CalculatedECPropertySpecification xmlns="Bentley_Standard_CustomAttributes.01.02">
                    <ECExpression />
                    <FailureValue />
                    <ParserRegularExpression xmlns:xsi="http://www.w3.org/2001/XMLSchema-instance" xsi:nil="true" />
                    <IsDefaultValueOnly>True</IsDefaultValueOnly>
                    <UseLastValidValueOnFailure xmlns:xsi="http://www.w3.org/2001/XMLSchema-instance" xsi:nil="true" />
                    <RequiredSymbolSets />
                </CalculatedECPropertySpecification>
                <PreviousNameArray xmlns="Bentley_Standard_CustomAttributes.01.02">
                    <PreviousNames>
                        <PreviousName>
                            <OldName />
                            <SchemaFullNameKey>ACTDI_Bridge.01.00</SchemaFullNameKey>
                            <IsNewInThisVersion>True</IsNewInThisVersion>
                        </PreviousName>
                    </PreviousNames>
                    <PreviousNameAlreadySaved>True</PreviousNameAlreadySaved>
                </PreviousNameArray>
            </ECCustomAttributes>
        </ECProperty>
        <ECProperty propertyName="LeftOrRight" typeName="int" displayLabel="左右幅">
            <ECCustomAttributes>
                <CalculatedECPropertySpecification xmlns="Bentley_Standard_CustomAttributes.01.02">
                    <ECExpression>0</ECExpression>
                    <FailureValue>1</FailureValue>
                    <ParserRegularExpression xmlns:xsi="http://www.w3.org/2001/XMLSchema-instance" xsi:nil="true" />
                    <IsDefaultValueOnly>True</IsDefaultValueOnly>
                    <UseLastValidValueOnFailure xmlns:xsi="http://www.w3.org/2001/XMLSchema-instance" xsi:nil="true" />
                    <RequiredSymbolSets />
                </CalculatedECPropertySpecification>
                <PropertyPriority xmlns="EditorCustomAttributes.01.03">
                    <Priority>-2</Priority>
                </PropertyPriority>
                <StandardValues xmlns="EditorCustomAttributes.01.03">
                    <MustBeFromList xmlns:xsi="http://www.w3.org/2001/XMLSchema-instance" xsi:nil="true" />
                    <ValueMap>
                        <ValueMap>
                            <DisplayString>整体式</DisplayString>
                            <Value>0</Value>
                        </ValueMap>
                        <ValueMap>
                            <DisplayString>左幅</DisplayString>
                            <Value>1</Value>
                        </ValueMap>
                        <ValueMap>
                            <DisplayString>右幅</DisplayString>
                            <Value>2</Value>
                        </ValueMap>
                    </ValueMap>
                </StandardValues>
                <PreviousNameArray xmlns="Bentley_Standard_CustomAttributes.01.02">
                    <PreviousNames>
                        <PreviousName>
                            <OldName />
                            <SchemaFullNameKey>ATCDI_TrafficSafetyElectromechanical.01.00</SchemaFullNameKey>
                            <IsNewInThisVersion>True</IsNewInThisVersion>
                        </PreviousName>
                    </PreviousNames>
                    <PreviousNameAlreadySaved>True</PreviousNameAlreadySaved>
                </PreviousNameArray>
            </ECCustomAttributes>
        </ECProperty>
        <ECProperty propertyName="ATCDI_Num_Element" typeName="int" displayLabel="构件流水号">
            <ECCustomAttributes>
                <CalculatedECPropertySpecification xmlns="Bentley_Standard_CustomAttributes.01.02">
                    <ECExpression>1</ECExpression>
                    <FailureValue />
                    <ParserRegularExpression xmlns:xsi="http://www.w3.org/2001/XMLSchema-instance" xsi:nil="true" />
                    <IsDefaultValueOnly>True</IsDefaultValueOnly>
                    <UseLastValidValueOnFailure xmlns:xsi="http://www.w3.org/2001/XMLSchema-instance" xsi:nil="true" />
                    <RequiredSymbolSets />
                </CalculatedECPropertySpecification>
                <PropertyPriority xmlns="EditorCustomAttributes.01.03">
                    <Priority>-9998</Priority>
                </PropertyPriority>
                <PreviousNameArray xmlns="Bentley_Standard_CustomAttributes.01.02">
                    <PreviousNames>
                        <PreviousName>
                            <OldName />
                            <SchemaFullNameKey>ATCDI_TrafficSafetyElectromechanical.01.00</SchemaFullNameKey>
                            <IsNewInThisVersion>True</IsNewInThisVersion>
                        </PreviousName>
                    </PreviousNames>
                    <PreviousNameAlreadySaved>True</PreviousNameAlreadySaved>
                </PreviousNameArray>
            </ECCustomAttributes>
        </ECProperty>
        <ECProperty propertyName="ATCDI_guid" typeName="string" displayLabel="guid" readOnly="True">
            <ECCustomAttributes>
                <PropertyPriority xmlns="EditorCustomAttributes.01.03">
                    <Priority>100</Priority>
                </PropertyPriority>
                <CalculatedECPropertySpecification xmlns="Bentley_Standard_CustomAttributes.01.02">
                    <ECExpression>""</ECExpression>
                    <FailureValue>""</FailureValue>
                    <ParserRegularExpression xmlns:xsi="http://www.w3.org/2001/XMLSchema-instance" xsi:nil="true" />
                    <IsDefaultValueOnly>True</IsDefaultValueOnly>
                    <UseLastValidValueOnFailure xmlns:xsi="http://www.w3.org/2001/XMLSchema-instance" xsi:nil="true" />
                    <RequiredSymbolSets />
                </CalculatedECPropertySpecification>
                <PreviousNameArray xmlns="Bentley_Standard_CustomAttributes.01.02">
                    <PreviousNames>
                        <PreviousName>
                            <OldName />
                            <SchemaFullNameKey>ACTDI_Bridge.01.00</SchemaFullNameKey>
                            <IsNewInThisVersion>True</IsNewInThisVersion>
                        </PreviousName>
                    </PreviousNames>
                    <PreviousNameAlreadySaved>True</PreviousNameAlreadySaved>
                </PreviousNameArray>
            </ECCustomAttributes>
        </ECProperty>
        <ECProperty propertyName="Typecode" typeName="string" displayLabel="构件分类码" readOnly="True">
            <ECCustomAttributes>
                <PropertyPriority xmlns="EditorCustomAttributes.01.03">
                    <Priority>90</Priority>
                </PropertyPriority>
                <PreviousNameArray xmlns="Bentley_Standard_CustomAttributes.01.02">
                    <PreviousNames>
                        <PreviousName>
                            <OldName />
                            <SchemaFullNameKey>ACTDI_Bridge.01.00</SchemaFullNameKey>
                            <IsNewInThisVersion>True</IsNewInThisVersion>
                        </PreviousName>
                    </PreviousNames>
                    <PreviousNameAlreadySaved>True</PreviousNameAlreadySaved>
                </PreviousNameArray>
                <CalculatedECPropertySpecification xmlns="Bentley_Standard_CustomAttributes.01.02">
                    <ECExpression>0</ECExpression>
                    <FailureValue />
                    <ParserRegularExpression xmlns:xsi="http://www.w3.org/2001/XMLSchema-instance" xsi:nil="true" />
                    <IsDefaultValueOnly>True</IsDefaultValueOnly>
                    <UseLastValidValueOnFailure xmlns:xsi="http://www.w3.org/2001/XMLSchema-instance" xsi:nil="true" />
                    <RequiredSymbolSets />
                </CalculatedECPropertySpecification>
            </ECCustomAttributes>
        </ECProperty>
        <ECProperty propertyName="ATCDI_Name" typeName="string" displayLabel="线路名称">
            <ECCustomAttributes>
                <PropertyPriority xmlns="EditorCustomAttributes.01.03">
                    <Priority>0</Priority>
                </PropertyPriority>
                <CalculatedECPropertySpecification xmlns="Bentley_Standard_CustomAttributes.01.02">
                    <ECExpression />
                    <FailureValue />
                    <ParserRegularExpression xmlns:xsi="http://www.w3.org/2001/XMLSchema-instance" xsi:nil="true" />
                    <IsDefaultValueOnly>True</IsDefaultValueOnly>
                    <UseLastValidValueOnFailure xmlns:xsi="http://www.w3.org/2001/XMLSchema-instance" xsi:nil="true" />
                    <RequiredSymbolSets />
                </CalculatedECPropertySpecification>
                <PreviousNameArray xmlns="Bentley_Standard_CustomAttributes.01.02">
                    <PreviousNames>
                        <PreviousName>
                            <OldName />
                            <SchemaFullNameKey>ACTDI_Bridge.01.00</SchemaFullNameKey>
                            <IsNewInThisVersion>True</IsNewInThisVersion>
                        </PreviousName>
                    </PreviousNames>
                    <PreviousNameAlreadySaved>True</PreviousNameAlreadySaved>
                </PreviousNameArray>
            </ECCustomAttributes>
        </ECProperty>
    </ECClass>
    <ECClass typeName="atcdi_materials" displayLabel="02_材料及零件属性" isDomainClass="True">
        <ECCustomAttributes>
            <PreviousNameArray xmlns="Bentley_Standard_CustomAttributes.01.02">
                <PreviousNames>
                    <PreviousName>
                        <OldName />
                        <SchemaFullNameKey>ATCDI_TrafficSafetyElectromechanical.01.00</SchemaFullNameKey>
                        <IsNewInThisVersion>True</IsNewInThisVersion>
                    </PreviousName>
                </PreviousNames>
                <PreviousNameAlreadySaved>True</PreviousNameAlreadySaved>
            </PreviousNameArray>
        </ECCustomAttributes>
        <ECProperty propertyName="atcdi_materials" typeName="string" displayLabel="材料属性" readOnly="True">
            <ECCustomAttributes>
                <PreviousNameArray xmlns="Bentley_Standard_CustomAttributes.01.02">
                    <PreviousNames>
                        <PreviousName>
                            <OldName />
                            <SchemaFullNameKey>ATCDI_TrafficSafetyElectromechanical.01.00</SchemaFullNameKey>
                            <IsNewInThisVersion>True</IsNewInThisVersion>
                        </PreviousName>
                    </PreviousNames>
                    <PreviousNameAlreadySaved>True</PreviousNameAlreadySaved>
                </PreviousNameArray>
                <CalculatedECPropertySpecification xmlns="Bentley_Standard_CustomAttributes.01.02">
                    <RequiredSymbolSets />
                    <IsDefaultValueOnly>True</IsDefaultValueOnly>
                    <ECExpression>""</ECExpression>
                    <FailureValue>""</FailureValue>
                </CalculatedECPropertySpecification>
            </ECCustomAttributes>
        </ECProperty>
    </ECClass>
    <ECClass typeName="BaseElement_FuShu" displayLabel="01_交通工程_其它" isDomainClass="True">
        <ECCustomAttributes>
            <PreviousNameArray xmlns="Bentley_Standard_CustomAttributes.01.02">
                <PreviousNames>
                    <PreviousName>
                        <OldName />
                        <SchemaFullNameKey>ATCDI_TrafficSafetyElectromechanical.01.00</SchemaFullNameKey>
                        <IsNewInThisVersion>True</IsNewInThisVersion>
                    </PreviousName>
                </PreviousNames>
                <PreviousNameAlreadySaved>True</PreviousNameAlreadySaved>
            </PreviousNameArray>
        </ECCustomAttributes>
    </ECClass>
    <ECClass typeName="Barrier_Road" displayLabel="01_交通工程_道路护栏" isDomainClass="True">
        <BaseClass>BaseElement_FuShu</BaseClass>
        <ECCustomAttributes>
            <PreviousNameArray xmlns="Bentley_Standard_CustomAttributes.01.02">
                <PreviousNames>
                    <PreviousName>
                        <OldName />
                        <SchemaFullNameKey>ATCDI_TrafficSafetyElectromechanical.01.00</SchemaFullNameKey>
                        <IsNewInThisVersion>True</IsNewInThisVersion>
                    </PreviousName>
                </PreviousNames>
                <PreviousNameAlreadySaved>True</PreviousNameAlreadySaved>
            </PreviousNameArray>
        </ECCustomAttributes>
        <ECProperty propertyName="length" typeName="double" displayLabel="长度">
            <ECCustomAttributes>
                <PreviousNameArray xmlns="Bentley_Standard_CustomAttributes.01.02">
                    <PreviousNames>
                        <PreviousName>
                            <OldName />
                            <SchemaFullNameKey>ATCDI_TrafficSafetyElectromechanical.01.00</SchemaFullNameKey>
                            <IsNewInThisVersion>True</IsNewInThisVersion>
                        </PreviousName>
                    </PreviousNames>
                    <PreviousNameAlreadySaved>True</PreviousNameAlreadySaved>
                </PreviousNameArray>
                <CalculatedECPropertySpecification xmlns="Bentley_Standard_CustomAttributes.01.02">
                    <RequiredSymbolSets />
                    <FailureValue>0</FailureValue>
                    <ECExpression>0</ECExpression>
                    <IsDefaultValueOnly>True</IsDefaultValueOnly>
                </CalculatedECPropertySpecification>
                <UnitSpecification xmlns="Unit_Attributes.01.00">
                    <DimensionName>L</DimensionName>
                    <KindOfQuantityName>LENGTH</KindOfQuantityName>
                    <UnitName>METRE</UnitName>
                    <AllowableUnits />
                </UnitSpecification>
                <PropertyPriority xmlns="EditorCustomAttributes.01.03">
                    <Priority>-10</Priority>
                </PropertyPriority>
            </ECCustomAttributes>
        </ECProperty>
        <ECProperty propertyName="Type" typeName="int" displayLabel="内外侧">
            <ECCustomAttributes>
                <CalculatedECPropertySpecification xmlns="Bentley_Standard_CustomAttributes.01.02">
                    <ECExpression>0</ECExpression>
                    <FailureValue>1</FailureValue>
                    <ParserRegularExpression xmlns:xsi="http://www.w3.org/2001/XMLSchema-instance" xsi:nil="true" />
                    <IsDefaultValueOnly>True</IsDefaultValueOnly>
                    <UseLastValidValueOnFailure xmlns:xsi="http://www.w3.org/2001/XMLSchema-instance" xsi:nil="true" />
                    <RequiredSymbolSets />
                </CalculatedECPropertySpecification>
                <PropertyPriority xmlns="EditorCustomAttributes.01.03">
                    <Priority>-2</Priority>
                </PropertyPriority>
                <StandardValues xmlns="EditorCustomAttributes.01.03">
                    <MustBeFromList xmlns:xsi="http://www.w3.org/2001/XMLSchema-instance" xsi:nil="true" />
                    <ValueMap>
                        <ValueMap>
                            <DisplayString>路侧护栏</DisplayString>
                            <Value>0</Value>
                        </ValueMap>
                        <ValueMap>
                            <DisplayString>中分带护栏</DisplayString>
                            <Value>1</Value>
                        </ValueMap>
                    </ValueMap>
                </StandardValues>
                <PreviousNameArray xmlns="Bentley_Standard_CustomAttributes.01.02">
                    <PreviousNames>
                        <PreviousName>
                            <OldName />
                            <SchemaFullNameKey>ATCDI_BridgeBaseClass.01.00</SchemaFullNameKey>
                            <IsNewInThisVersion>True</IsNewInThisVersion>
                        </PreviousName>
                    </PreviousNames>
                    <PreviousNameAlreadySaved>True</PreviousNameAlreadySaved>
                </PreviousNameArray>
            </ECCustomAttributes>
        </ECProperty>
        <ECProperty propertyName="Type2" typeName="int" displayLabel="类型">
            <ECCustomAttributes>
                <CalculatedECPropertySpecification xmlns="Bentley_Standard_CustomAttributes.01.02">
                    <ECExpression>0</ECExpression>
                    <FailureValue>1</FailureValue>
                    <ParserRegularExpression xmlns:xsi="http://www.w3.org/2001/XMLSchema-instance" xsi:nil="true" />
                    <IsDefaultValueOnly>True</IsDefaultValueOnly>
                    <UseLastValidValueOnFailure xmlns:xsi="http://www.w3.org/2001/XMLSchema-instance" xsi:nil="true" />
                    <RequiredSymbolSets />
                </CalculatedECPropertySpecification>
                <PropertyPriority xmlns="EditorCustomAttributes.01.03">
                    <Priority>-1</Priority>
                </PropertyPriority>
                <StandardValues xmlns="EditorCustomAttributes.01.03">
                    <MustBeFromList xmlns:xsi="http://www.w3.org/2001/XMLSchema-instance" xsi:nil="true" />
                    <ValueMap>
                        <ValueMap>
                            <DisplayString>波形梁护栏</DisplayString>
                            <Value>0</Value>
                        </ValueMap>
                        <ValueMap>
                            <DisplayString>混凝土护栏</DisplayString>
                            <Value>1</Value>
                        </ValueMap>
                        <ValueMap>
                            <DisplayString>防撞钢护栏</DisplayString>
                            <Value>2</Value>
                        </ValueMap>
                    </ValueMap>
                </StandardValues>
                <PreviousNameArray xmlns="Bentley_Standard_CustomAttributes.01.02">
                    <PreviousNames>
                        <PreviousName>
                            <OldName />
                            <SchemaFullNameKey>ATCDI_BridgeBaseClass.01.00</SchemaFullNameKey>
                            <IsNewInThisVersion>True</IsNewInThisVersion>
                        </PreviousName>
                    </PreviousNames>
                    <PreviousNameAlreadySaved>True</PreviousNameAlreadySaved>
                </PreviousNameArray>
            </ECCustomAttributes>
        </ECProperty>
    </ECClass>
</ECSchema>